,
的
。
1
0
年
、
一
2
在
为
是
中
国
人
9
于
有
大
和
3
以
5
了
后
个
8
4
时
日
月
学
6
会
成
地
”
不
7
“
上
公
行
他
出
之
部
与
其
发
生
主
斯
作
分
方
e
到
用
区
而
名
a
及
家
位
由
这
被
下
军
第
尔
西
法
来
》
《
里
并
本
o
长
市
多
民
对
政
可
同
南
自
子
动
开
r
最
也
i
任
等
-
文
所
代
加
海
特
现
经
高
.
物
要
前
新
面
北
因
·
此
n
平
台
得
员
利
东
过
电
亚
进
德
度
建
教
:
机
间
美
三
内
能
道
当
种
立
事
克
小
入
体
战
山
至
世
理
将
但
车
t
外
路
l
定
球
工
使
性
天
合
总
口
业
期
表
全
拉
科
二
次
制
者
化
场
马
队
布
通
重
该
赛
都
力
式
数
系
十
两
称
共
设
s
州
目
相
线
士
;
联
属
原
水
达
比
们
王
运
罗
安
镇
明
城
基
院
统
省
司
星
华
关
正
府
产
从
A
金
起
约
治
常
格
港
米
如
组
或
县
计
四
就
站
英
量
S
然
m
提
u
首
影
选
巴
兰
号
女
"
尼
列
心
无
实
接
元
始
界
向
级
说
改
演
则
意
单
林
流
阿
议
乐
色
务
书
形
广
些
受
语
曾
保
手
义
湾
C
参
结
类
已
型
视
d
程
香
传
门
交
c
河
处
包
直
管
团
身
委
太
品
集
认
党
应
岛
维
音
史
指
还
点
更
展
空
获
积
著
M
万
各
导
洲
领
只
古
带
变
校
回
社
字
h
朝
反
持
活
卡
江
T
五
命
铁
B
游
风
D
师
张
造
纪
少
别
它
取
没
官
资
击
报
专
术
京
解
据
村
论
神
信
光
近
条
举
非
族
石
支
情
P
又
清
龙
权
历
气
奥
I
件
示
夫
转
研
标
放
剧
图
曲
头
局
际
记
角
片
节
连
苏
商
决
先
去
离
版
密
每
果
武
纳
波
器
p
她
陆
职
普
未
收
且
强
足
引
很
白
知
域
f
创
再
括
亦
根
往
即
周
乡
质
座
究
初
E
争
李
许
派
完
g
观
较
汉
打
歌
复
兵
伊
办
装
题
R
鱼
居
帝
福
调
阳
花
言
亲
除
N
给
令
服
死
划
y
随
续
六
好
功
构
网
存
宗
圣
戏
我
编
样
另
速
/
见
威
问
育
具
爱
客
辖
段
推
终
土
修
率
极
G
担
供
季
护
规
播
欧
协
O
园
奖
超
黄
八
营
投
己
画
求
置
源
塔
故
L
热
希
项
那
宣
济
早
攻
H
火
份
众
模
准
容
湖
印
查
百
录
助
皇
卫
备
青
%
F
班
男
群
案
萨
b
馆
兴
九
半
整
环
伦
致
红
层
技
失
航
食
儿
越
增
伯
围
沙
田
雷
例
k
边
艺
博
父
母
飞
志
吉
继
易
均
升
试
深
哈
独
陈
洛
川
射
需
登
才
街
便
黑
告
今
证
象
仍
堂
响
筑
境
真
声
像
鲁
何
采
写
限
负
副
杀
想
把
评
勒
瓦
占
步
莱
织
落
责
让
七
诺
木
老
双
排
盟
息
效
几
室
低
医
费
感
底
塞
甲
洋
考
哥
托
料
留
施
岁
银
律
住
看
楼
央
席
V
话
状
配
着
佛
病
止
防
千
顿
降
氏
届
革
范
败
冠
素
显
森
桥
做
牙
算
仅
测
念
景
云
警
藏
胜
奇
贝
典
蒙
农
移
习
远
词
温
却
思
载
批
态
干
唱
确
承
精
辑
控
般
曼
弹
草
消
刘
授
察
虽
K
植
望
埃
俄
价
余
满
库
友
守
泰
姆
压
宁
述
抗
依
索
照
康
户
征
叶
_
W
恩
注
附
候
w
迪
势
督
韩
值
请
瑞
退
票
祖
U
必
富
澳
v
识
舰
执
章
难
斗
宫
破
预
断
验
快
夏
封
拿
左
房
似
突
况
拥
毛
坦
堡
乌
岸
闻
寺
绝
x
细
旅
拔
停
唐
船
宝
久
牌
丹
丽
尚
亡
丁
厂
走
读
礼
核
严
毕
含
邦
码
油
店
永
枪
监
伤
切
优
右
换
庆
野
隆
皮
临
售
异
弟
架
简
短
判
莫
遗
延
轮
距
策
灵
春
梅
须
股
逐
麦
雄
遭
归
J
孙
杂
朗
松
轻
侧
佳
役
端
甚
序
若
蒂
束
诗
练
暴
冲
旧
送
旗
树
晚
酒
微
乘
杰
末
阵
摄
摩
输
杨
艾
郡
吴
X
宋
钟
菲
尽
阶
嘉
良
略
顺
销
弗
血
善
雅
减
贵
胡
散
庭
泽
尾
庄
差
籍
款
鲜
署
免
渐
拍
予
药
秀
颗
津
喜
签
背
峰
婚
玛
荣
丰
假
够
顶
赫
劳
货
兼
烈
害
亿
驻
厅
软
启
臣
爆
迁
追
杯
耶
夺
财
养
险
盖
板
栖
盛
沿
频
释
企
纽
互
帕
什
购
扩
舞
晋
救
鳍
谷
牛
援
君
轨
介
廷
圆
训
讯
罪
译
朱
杜
卢
玉
黎
酸
媒
材
仁
坡
培
讲
适
宾
秘
齐
挥
审
某
补
巨
梁
透
益
屋
荷
探
仪
途
徒
检
冰
凯
按
眼
兹
映
刻
访
诸
币
赤
玩
吸
址
充
宽
替
脑
觉
找
恒
殿
禁
智
敌
描
骨
纲
童
借
讨
你
帮
昌
敦
刊
溪
辆
欢
乱
蓝
跟
岩
遇
拜
献
沃
夜
唯
否
乎
么
混
旋
毒
尺
午
固
私
谢
径
灭
皆
庙
郑
坐
额
竞
符
－
耳
刺
逃
返
翰
捕
雨
激
操
缺
魔
漫
…
乔
]
镜
择
郎
绿
宪
[
卷
幕
迫
聚
休
奉
爵
穿
犯
撤
汇
袭
宇
雪
召
坚
刑
锦
韦
赵
订
诉
贡
露
盘
刚
鸟
泛
翻
穆
洪
z
听
脉
霍
顾
辐
赞
怀
潮
络
课
毁
钱
愿
邻
呼
抵
炸
待
巡
尤
恶
兄
疗
侵
废
妻
损
秋
危
篇
御
姓
谈
饰
肉
买
靠
汽
忠
础
}
柏
谋
骑
茨
腊
丝
肯
绕
呈
申
殖
孩
隶
脱
融
佩
疑
概
{
陵
炮
避
误
衣
绩
横
坏
董
套
浙
叫
=
竹
奏
徐
泉
针
胞
翼
孔
甘
惠
味
紧
墨
卖
块
急
寻
娜
阻
迹
Y
染
冷
秦
仙
戴
羽
缘
迎
恐
健
氧
剑
辛
渡
戈
贸
虫
绍
芬
默
暗
舍
弃
裁
震
绘
虎
魏
桑
淡
涉
迷
彩
墓
圈
繁
错
珠
俱
析
硬
洞
尊
隔
努
哲
倒
毫
付
函
招
齿
井
亮
扬
宜
俗
脚
佐
赖
稳
+
缩
廉
池
锡
辅
阴
笔
纬
扎
租
誉
液
楚
麻
掌
弱
侯
乃
享
矿
钢
轴
琴
凤
莉
偏
颁
幼
纸
妇
滨
妹
伐
豪
裂
墙
静
辞
浦
逝
赢
困
冬
榜
梦
拒
铜
捷
曹
潜
零
伍
町
估
逊
?
赏
剂
葡
鼓
柱
岭
崇
绪
触
辽
闭
寿
阁
蛋
菜
邀
徽
恢
症
昂
振
览
驱
浪
综
陷
幸
陶
乙
蒋
偶
邮
犹
纯
牧
遍
昆
瑟
截
句
滑
奈
册
盐
殊
灾
暂
障
！
驶
莎
拟
匹
答
键
粉
冈
吕
疆
残
患
旁
郭
燃
伟
磁
!
隐
跨
汗
狱
档
菌
牠
糖
藤
伴
税
奴
烧
促
茶
幅
勇
颜
衡
紫
幻
宿
赴
厦
°
烟
沉
沈
棒
珍
宅
灰
灯
坛
萄
葬
祭
塘
晶
械
折
彼
峡
沟
搭
恋
允
苦
厚
仔
锋
跑
敏
虚
谓
熟
丘
拆
储
|
慢
慈
叙
亨
汤
柯
莲
猪
倍
龄
吃
箭
刀
遂
虑
纵
碑
迅
枚
餐
叛
谱
尖
雕
邓
筹
勋
'
裔
猎
姐
遣
Z
敬
粒
棋
辉
柴
纹
伏
脂
祥
凡
衔
葛
挑
屿
孟
蔡
兽
缓
篮
朋
迈
贯
跳
燕
陕
伸
仰
桃
泊
昭
贤
掉
纷
慕
孝
娱
趣
仓
壁
蛇
驾
疾
瓜
螺
鲤
桂
忆
栽
匈
撒
侍
违
埔
撞
柳
鬼
熙
冯
覆
惊
笼
倾
泥
怪
壳
诚
妮
艘
#
详
涯
肃
搜
贾
胶
腹
贺
艇
浮
擎
饮
萧
痛
羊
彭
咸
拓
累
挂
勤
涅
Q
页
熊
欲
牵
锁
番
斑
芳
湿
溶
罕
旺
诞
鹿
玄
乏
乳
〉
秒
〈
励
塑
巧
插
袁
芝
既
凭
猫
仿
笑
琳
晨
旦
寄
潘
岳
杉
玻
跃
凌
慧
鉴
轰
隧
衰
宙
戒
硕
炎
鸡
藩
仲
卓
洗
灌
扮
甸
胁
喀
豆
詹
厘
梯
屯
污
碳
扰
悬
丧
抚
屏
盾
坑
彻
盗
赠
袖
晓
罚
祝
缅
壮
撰
箱
循
厄
狮
僧
枝
圳
粤
亭
俊
喷
疏
氢
弥
杭
浓
宏
询
荒
焦
叔
坊
床
阅
郊
禄
琉
渔
拳
夷
吨
岗
浅
崎
契
娘
舒
侦
坎
剩
泳
鼠
措
填
耀
滩
～
霸
串
帅
润
丛
捐
摇
赐
割
卿
妃
茂
握
(
伙
飓
尝
赶
饭
怒
递
券
尸
粮
衍
滚
垂
靖
阔
窗
砲
鸿
庞
贴
惯
卜
搬
儒
湘
悉
乾
丈
貌
邨
j
珊
膜
勃
弘
碍
贫
斜
抽
枢
耗
踪
颇
旨
钦
闽
苗
贞
孤
薄
粹
辩
壤
′
畔
裕
廊
寒
浩
禅
翁
净
傅
狂
胎
吾
链
侠
稿
忍
俘
稍
淮
抢
煤
曰
聘
垒
胸
逆
腾
迟
碟
鼻
揭
肥
逢
冒
杆
铺
鹰
赋
洁
尉
狗
碎
阮
柔
狄
矩
─
欣
脏
逻
璃
婆
蛛
偷
腐
崔
堆
吐
趋
翠
魂
仑
鲍
坪
挪
陀
棘
寨
涌
卵
鲶
鸣
弦
硫
狼
坝
姬
韵
脊
逼
鲈
龟
翌
菊
劝
遵
押
刷
礁
疫
嘴
惟
粗
癌
奔
泡
罢
扁
逮
蒸
屈
叠
栏
添
铭
妈
伪
悲
仇
雇
朴
矶
潭
愈
鳞
~
雀
怖
矛
敢
扶
淘
阪
荐
–
彦
屠
竟
吏
蝶
猛
酶
夕
姻
劫
扫
携
苑
歇
偿
穷
涂
摆
厢
犬
汪
嫌
掘
″
祀
堪
涵
醒
彰
叉
卑
恰
奶
怕
稣
忙
蕨
凝
债
嫁
醇
姚
铸
q
磨
惨
炼
诊
兆
吹
诏
雌
伽
忽
歧
砖
氯
妙
丙
抱
卒
拼
肌
茵
姜
凉
闪
斤
贩
狭
株
蟹
鹤
／
隋
％
琼
侨
袋
辰
幽
迦
钻
邪
绳
辟
圭
埋
胆
纤
抑
蹈
汰
倡
夹
鼎
奎
肖
盆
寸
铎
嗣
抓
斩
辨
’
巢
拖
砂
娃
擅
铃
丑
薛
苹
闲
翔
稻
崩
斐
漠
旬
蜂
毅
氨
奋
芒
碧
寓
魁
扣
暖
渊
丸
甫
舱
豫
咨
崖
耐
颈
挖
耕
荡
削
腔
忘
喇
鸭
沪
催
瓶
劲
碱
吞
驳
炉
囊
稀
咖
茅
椎
拨
栋
谭
姊
)
舟
宰
麟
郁
褐
谥
祠
雾
披
宠
鄂
掠
陪
弯
‘
闸
苯
吻
桓
帽
&
斋
藻
吧
溃
谁
贼
拱
虹
卸
鲸
溯
锐
摧
腺
矮
斥
荆
邑
筒
酷
惜
剪
肠
薇
襄
・
恭
爷
愤
渠
遥
畅
烯
禾
踏
舌
姑
噶
巫
蜀
汀
拘
伞
诱
宛
尹
穴
顷
凶
唇
脸
悠
豹
谊
廖
募
榄
滕
肢
雍
珀
忧
巷
薪
毗
弓
谦
蜜
哪
碰
庶
亥
棉
扑
啡
姿
肤
贪
掩
奠
×
漏
葵
腿
亩
甜
蓬
帐
睡
恨
汝
孕
挡
肺
柄
冕
聪
鹅
蒲
宴
邱
卧
琪
札
婴
胺
颠
堤
讷
鸦
弄
爬
梨
暨
吊
奸
茎
磷
逸
臂
尿
蕾
澄
妖
鳄
桌
抛
饼
棕
誓
尘
淑
爪
邵
仕
梵
轩
辈
菩
惧
劣
丞
怎
慎
瑚
栗
赌
夸
帆
腰
腓
玲
翅
框
肩
绑
牲
贷
‧
钓
骗
樱
绵
逾
怡
．
瘤
沼
坂
臀
哀
霞
忌
窄
娶
→
芦
侣
纠
践
烷
瓷
抄
鲷
蓄
肿
涛
滤
缝
扇
谐
猜
祸
囚
冀
吁
嫩
桐
扭
殷
浏
搞
猴
缴
盈
蚀
庸
朵
屡
仆
滋
镑
绥
赔
鹏
庇
泄
槽
浸
裸
纺
删
讼
炭
肝
颂
昔
秩
跌
坠
讽
骚
寮
兔
涡
唤
虾
橡
蜥
呎
℃
浆
坞
荃
祈
凰
嵌
挤
颖
慰
捉
窝
禧
睛
悦
厉
趁
舆
焚
厥
鞋
擦
惩
胀
柜
眠
旱
谣
喻
铝
欠
椅
喝
跋
虏
怨
橄
嘛
悟
埠
狐
肾
芭
昏
挺
氟
厌
漂
遮
肇
寇
剥
眉
醉
棱
赣
氮
苍
汶
阀
晴
踢
苔
荫
撑
躲
冻
麓
骏
攀
贬
钩
缸
蕃
颌
尧
僚
庚
酿
芙
彗
歼
谨
饶
泪
畜
涨
滥
畴
塌
妥
柬
履
锥
喉
匪
锅
矢
咏
巩
痕
丢
缔
漆
爸
咒
徙
摔
牺
盲
盒
饱
酮
勾
棚
镶
疯
闹
艳
辱
糕
驰
歉
佣
糊
戚
笛
榴
坤
蛤
煌
瞄
椒
椭
勘
梭
笃
饥
酯
哭
穗
濒
蛮
$
佑
厨
罩
蛙
欺
哺
帜
匠
垦
熔
匣
鞍
咀
炳
浴
帖
烂
拯
菱
钠
秉
璋
鲨
燥
噪
谍
鳗
旭
祯
粘
铅
鹃
瑜
庵
α
烦
饲
裹
竣
辣
膨
の
悼
畏
翡
淀
幢
萝
贿
胃
黛
迄
霖
茄
艰
虞
冢
闯
汁
韶
岐
懂
骤
萤
氛
拦
阎
吓
澎
牟
娅
窑
虐
坟
é
肆
冥
戊
祷
牢
戌
庐
弧
瑶
颅
棠
斌
枫
凹
绅
阐
酋
垣
惑
阜
仄
焰
瑰
湛
煮
藉
钧
凸
聂
漳
谴
瓣
橙
剿
玫
祐
呢
鲉
酱
吗
沦
寡
叹
窟
杏
赦
黏
瀑
孜
蔽
乞
窃
绣
陨
芽
棍
摘
瑙
硝
冶
喊
簧
寂
淳
廿
滞
缠
酬
伺
蕴
堵
汕
狸
隙
橘
浑
掷
妓
匿
垄
畿
鳉
孚
倪
竖
傲
渗
荔
骂
裴
邸
朔
藓
纂
锣
禽
酵
禹
滴
仗
泌
蝠
筋
浊
酰
峻
宦
纱
殉
矣
戎
蹄
稽
垃
彬
烤
淹
臭
勉
*
谜
衷
沛
粟
楠
挽
诵
懿
镰
ー
缆
鹦
竭
鞭
奕
狙
圾
缉
雁
弊
墟
暑
妆
寅
淫
趾
绒
缀
袜
硅
拾
谕
咬
悔
诈
侄
碘
舖
炒
诛
锯
婉
僵
舜
彪
锤
啦
狩
挝
钙
绰
萍
裤
陇
膀
赚
桶
嘎
劾
濑
俞
曝
滇
鳃
蔓
豚
稚
钥
茜
墅
肪
萌
砌
毙
您
钞
诠
淋
焕
瞬
飘
檐
牡
墩
窦
骸
亏
烹
芯
爽
蓉
霜
剖
砍
猩
沧
β
梓
槟
沫
衙
啤
榆
晰
赎
啸
魅
缪
彝
壹
耿
扳
皖
聊
‎
邹
脆
淆
祇
乒
谏
饿
剌
檀
愚
抬
倭
雏
擒
醛
堕
绎
摊
樟
】
壶
【
垫
匀
龚
罐
壬
​
岑
蔬
羌
闵
喙
俯
袍
敷
卦
蜡
ン
毓
匡
磅
驼
驹
犀
钾
愉
兑
霉
薯
哇
澜
−
疲
舅
垩
犁
嫡
莞
裙
嵩
釜
膝
蔷
岬
挫
胚
崛
宵
轿
敲
梗
烃
蝴
哨
泼
琦
葱
迭
碗
郝
焊
猿
钉
凿
蝉
杖
膏
鹉
刹
溥
账
溉
哩
钮
蚁
铀
渭
凑
盔
〇
惹
蔚
抹
晤
廓
渴
妾
蕉
顽
眷
枯
傍
焉
磡
卤
辜
峙
耻
骆
蝙
厕
楷
敛
蜘
渣
汐
莽
奢
鲀
茹
榕
巾
祁
涩
弼
岱
娄
樊
莺
胤
溢
沁
渝
髓
敖
骄
讳
谅
芜
渤
厝
冤
蕊
堰
甄
绸
膛
罹
搁
癸
梧
嫔
褒
疼
肚
匾
勿
祺
黔
乓
戟
恼
\
桦
吋
匙
敕
孢
舶
潟
晖
羞
於
栅
掀
骼
洼
沂
睿
慌
俭
苻
瘦
虔
刃
倚
洽
糟
肋
侏
蜗
泗
蒿
羚
寝
驿
吟
孵
棺
棣
雳
•
俩
殴
菇
摸
睦
砾
灶
觅
苷
雯
灿
琅
忒
衬
媛
谎
泵
堀
炬
谬
羟
霹
钝
娇
缚
笠
汾
啊
岚
捧
揽
诬
锂
磺
嘲
蝇
幌
抒
>
丕
婿
峨
擢
捞
莹
²
簿
衫
隍
枕
镍
腕
邢
穹
麒
谟
梳
鸠
璧
缮
淞
娥
氰
塾
晃
蟾
斧
枣
搏
陡
萼
嗜
桨
沸
胖
锌
憾
洒
耆
怜
哉
抨
埼
秃
蚌
婷
妄
侬
瑾
馈
菁
芹
馨
泾
蔗
暹
锈
撕
帛
衞
嘱
兜
睹
棵
竺
鸽
い
恪
躯
蚕
兀
篡
锻
霆
邯
桩
瞻
韧
瀛
鳅
佥
熹
蚤
溜
颚
蛾
靡
晏
妨
苣
萃
杠
慨
阙
糙
琛
芸
帘
稠
煽
峭
岔
苞
沽
艮
诃
箕
卯
鲑
黜
屑
恺
鲽
昼
暱
皂
磐
俾
瑛
篷
泻
烛
曜
溴
楞
敞
祂
饷
乍
浚
荀
鑫
玺
硼
渥
懋
咪
晕
芥
酚
逗
譬
呆
刮
粪
皓
腥
鼬
に
噬
羲
瘟
隅
á
掣
驯
绞
る
挟
捍
傀
鳕
靶
咽
蚊
戍
儡
辗
薰
鞑
诅
晒
栈
臧
泣
侮
茱
吵
岂
贱
沥
煎
喂
ス
笨
霄
禺
祚
颐
醚
铲
挠
恕
﹐
羁
闰
镖
恤
肽
筛
麾
溺
暮
〜
瞩
堇
煞
胰
埗
莓
氦
靴
矽
旷
笋
韬
拢
淇
萎
曙
镁
篆
瘫
豁
峪
龛
镀
靼
佬
挣
偕
陋
昊
馏
琵
砸
矫
葫
郸
阱
讶
酉
拷
湄
苟
伶
琶
吡
俸
幂
痴
瞒
赂
赁
扔
汞
朽
翟
戮
壕
掳
淤
芋
憩
鹫
娟
陛
悄
钊
沮
鸥
醋
绶
捆
※
绫
娴
濠
蒜
酪
兖
苛
皋
垮
栓
渲
闷
た
椰
胥
盎
蝎
扯
鹭
卉
彤
佚
毯
虱
昧
崭
跪
炯
霰
铉
辕
鳚
膳
沐
桢
苇
咎
夭
裘
沾
と
陌
庾
莆
拐
聆
し
诡
π
臼
蔑
潼
斡
稷
泸
幡
邺
妍
寰
柠
ル
隘
奚
□
愁
剃
漕
翘
腻
茛
绮
饪
柑
舵
槐
媚
撼
懒
甬
鳎
诰
炽
蕙
哆
毘
钛
妒
簇
魄
诫
痪
汲
糯
浒
盼
巳
イ
睐
榈
芮
磊
μ
瘾
殆
羧
衢
曦
殡
侗
铠
灼
瞿
竿
玮
て
蓟
姨
巅
侈
萱
钵
檬
贮
毋
瓮
涧
谤
槛
は
肛
锚
桔
皈
な
驴
鄞
荧
悖
叱
ü
纶
冉
畸
弈
悍
隼
颊
踩
撃
骇
雉
喘
鞘
蟒
倩
ラ
皱
楔
躁
傻
侃
脾
揆
疹
炀
铬
遏
赈
﹑
ア
烘
蠕
淄
ク
珪
甥
ト
○
喃
狠
窜
鮨
昙
蜴
馅
澈
耍
拌
恳
倦
瞳
咤
桧
贻
窥
绯
炫
臻
僖
樵
趟
愧
汴
が
莒
笙
砷
朕
辍
跆
谒
钰
褶
珂
栉
碉
晟
坍
轭
哗
媳
丫
〕
匆
苓
卅
鲱
リ
鸮
绛
γ
褚
±
ö
搅
胱
琰
葆
í
琐
锰
虢
襟
耸
谛
埕
肴
鳌
婢
芷
秽
耦
桅
捣
鸾
禀
燮
〔
挚
蚜
氹
坜
疟
粥
诀
呕
钏
拂
←
焘
躺
裳
嘻
僻
翊
舷
哑
绢
遁
椿
羡
飙
疮
圃
泷
陂
瑕
槃
羰
ó
潢
晦
嫉
眶
濂
か
鹊
刁
眺
帧
捡
弩
酥
觐
渎
筝
沅
浇
膺
浜
铨
颓
杞
а
铵
弋
谚
迥
茉
攸
瓯
圻
籽
悚
镐
吼
逍
筠
衮
檎
冗
昨
剔
荚
衅
诽
碁
妳
翎
拙
ā
ッ
歪
栾
圩
濬
憎
檗
吠
颤
れ
を
遴
姪
熵
濮
聋
捏
颍
辙
诣
炙
熏
扼
暇
叡
闾
銮
咳
莘
妊
奄
鄙
り
螂
釉
蠢
琥
轼
皿
昱
傣
沌
薨
で
潍
偃
啶
@
靳
蚂
涤
炜
孺
逵
劈
饵
曳
缕
砚
埤
俨
啮
铂
罂
缎
肘
熄
о
钗
迂
絮
癫
跤
骁
扈
鸢
氓
栎
驸
鞠
掺
挨
‰
惕
璜
蛟
貂
伎
拇
茫
ら
＂
篱
弑
嗅
匝
^
啄
シ
さ
榨
宸
讹
兮
ä
鳖
巽
畑
邕
琏
洙
哮
瞰
睾
岷
铯
σ
倘
脖
奘
咐
猷
颉
瀚
牒
叭
鹘
盏
琮
黯
丐
菅
唑
鄱
佗
孀
腌
鸫
掖
硒
邝
崁
匮
钨
沱
戛
迺
擂
荟
ん
浔
瓒
跻
嶋
尬
猕
怠
叮
巍
榔
惰
滔
柿
骥
秤
懈
麝
鬣
呜
潞
酌
渚
佟
ま
遐
坳
烽
酗
镕
尻
＞
秧
и
忏
慷
纾
氙
嗓
璐
嫂
佃
嬴
洮
熬
峦
亵
鹛
鲆
摹
夔
磋
骠
枭
荼
斛
筲
咲
髻
枋
蝗
蜱
蒴
旌
劭
尴
炔
谔
舺
樽
蘑
艋
璞
踝
讥
纥
撇
煜
贲
惶
乖
羯
澡
鞅
宕
馥
胄
羹
忻
昵
寥
孛
腋
螯
靓
滦
瑄
あ
钴
蝽
钳
骅
骧
梢
蝰
稼
荨
涟
簷
嬉
峇
呀
︰
鲛
乂
绊
躬
ロ
凋
ジ
筿
潇
カ
淦
湍
覃
浣
窘
璇
鹟
笈
贰
卞
炱
葺
蟠
鲡
е
呐
タ
鲿
悯
妲
撮
碌
も
犍
醮
诲
璟
忱
昕
脷
λ
漱
徘
镛
嚼
溧
髅
辄
冼
轶
寞
唾
唆
荥
<
昶
挛
囱
耽
ε
鲫
骰
揉
郢
鯙
叻
锄
亢
ω
徊
疵
聿
赃
］
凳
き
僭
杵
怯
踞
捻
甩
迳
岙
δ
窖
狡
俑
く
娠
阇
鸯
攘
柚
☆
畲
［
祉
娼
骊
灏
灸
屎
柩
槿
崧
骷
醯
嚣
涪
汛
レ
锺
恃
缙
歹
铳
缢
漩
迩
茧
罔
烁
マ
唔
牦
蛱
祜
螈
钚
槌
邬
谯
み
藜
扒
弛
н
燧
窒
枉
ŋ
俏
堑
っ
姥
阡
Ⅱ
辫
铿
コ
痊
楹
恬
驭
锟
岘
阗
歳
淖
涿
筱
凄
ド
荻
烫
叩
堃
瞭
ə
癖
岌
瑁
痒
１
痫
泮
箴
こ
蜒
愍
渍
悫
锑
筏
慑
娩
佘
珞
驮
喧
碾
è
鸳
脐
燊
粲
う
脍
●
­
弁
掏
泓
叟
孽
橇
咕
莪
オ
哄
珅
洵
ミ
佼
胫
珑
肄
瞎
烨
蜕
嬷
婪
吩
琢
挞
痉
抖
猝
榭
粱
垢
凛
肱
屁
荠
阉
蜻
遽
歙
鳢
戡
筵
镭
鹬
с
箔
戳
镳
フ
ʰ
抉
诟
蜓
蛭
懦
榻
煦
柝
惇
紊
θ
铮
咙
腭
漓
赓
蓼
颔
滁
馀
媲
玟
婕
粽
龈
纣
蜿
蕈
盂
р
筷
郴
澧
魮
疣
殇
珈
ハ
毡
楣
矾
獭
т
滘
酝
脓
镉
酐
鮡
婺
俐
鲗
纭
醴
拣
矗
鬃
俳
钺
槭
鲂
榛
栩
骞
鱿
疡
爹
箫
钼
キ
逅
晷
邂
胪
睢
绚
孪
蚓
鸵
骈
㑩
锢
啼
―
锷
睽
晔
轧
蚝
φ
烙
澍
鼐
氐
庑
暧
洄
鳝
洱
喆
苋
沭
萸
琨
玖
茴
蛊
デ
锭
厮
蜍
茸
蛹
蛎
郤
焙
疚
菠
呵
拮
鲭
烬
鹳
惮
呤
湮
痰
亳
蔻
佯
蜈
す
敍
お
桁
溅
獾
＝
夯
腱
歆
蚣
缨
掸
糸
妤
炖
蝮
霓
嵇
谗
崴
蓓
ρ
碇
钡
帷
邾
鮠
匕
τ
ν
硖
轸
犊
ː
赉
镌
佰
逞
栱
旻
峤
嫖
俪
铢
殓
啰
昴
隽
糜
俚
娑
ニ
铊
脇
羔
眩
匐
嗽
勖
蹲
邳
赘
菀
ا
幺
荪
谪
岖
ち
à
觊
祗
勐
檄
繇
姗
摒
饺
珥
＋
诹
２
恽
﹕
珉
斟
珲
涝
疤
玳
咯
瑠
鼩
雒
栃
峒
笺
钯
簪
豌
橱
テ
彧
铰
钜
★
闺
痺
堺
裨
嘌
驷
袒
л
腈
绽
觎
俟
讫
漪
钍
涕
ナ
憬
噩
缇
嫦
噜
瑭
揣
醍
睫
渺
徳
ム
戸
蒯
螳
钒
诘
亟
谳
鲹
珮
サ
琬
蠡
в
铷
舫
耘
畠
髦
孰
阖
盯
»
靛
窍
栢
≤
稔
疱
蝌
黍
癣
勺
忿
璘
プ
醐
鲟
闳
巿
蕲
恿
屹
汹
宥
０
缵
攒
诩
桀
殁
悌
疽
バ
猖
韭
郧
蚪
鲳
顼
爰
瘠
铐
憧
痹
垭
骡
怂
锕
様
踵
痢
鳟
ャ
罄
拗
恂
涸
つ
淅
邛
瓢
漾
痘
垛
惫
螃
褪
阑
鄢
箍
＜
饬
霾
鵙
绷
邃
撷
啉
Δ
诙
柘
湟
鲲
馒
翩
咄
煲
侥
邈
糠
郗
睁
蔺
刍
嫣
诒
杲
エ
匍
ウ
闫
徕
阆
県
チ
ο
憨
玑
祢
帚
鎗
拚
瑯
锶
璿
桡
锜
晁
辇
腮
琊
辻
杓
ل
轲
踊
帑
铋
逛
メ
诋
娣
褫
よ
砥
澹
赡
嵊
谘
惭
焯
亘
瓘
ブ
谑
镧
垅
ガ
ú
«
岫
锗
や
豺
菏
蚩
牍
蹦
颙
萩
鹈
疃
蔼
鳐
闿
獠
囤
辎
菟
祎
郃
榷
棻
胧
嘘
郦
膦
ュ
猾
珩
谌
掾
辊
к
枷
阈
沔
缤
嬅
昀
ø
﹝
麋
铍
ɛ
霁
皎
ィ
﹔
毎
锆
喱
茗
ダ
椽
畈
幔
铣
苌
砺
扛
讧
パ
炊
壑
捩
唁
稗
陲
趴
嘧
阂
嵋
藕
赟
恣
﹞
グ
膑
蚺
艏
晞
嵯
Д
偈
芪
苳
涓
胭
廪
藐
奂
翦
铌
脯
鲇
薮
厩
鲻
鹑
ī
肮
阯
爨
锵
墉
氡
菖
猬
蹼
璀
浬
専
菈
谙
汨
粿
蚬
ㄧ
氘
瘀
κ
蜚
蛰
祟
え
谶
荞
め
揪
ç
込
寛
氚
颞
睑
褂
庠
镂
恸
煊
铆
燎
Ⅰ
铱
碲
涣
η
呋
笏
戦
縻
赭
蹠
湳
橐
薙
砦
３
猥
碣
鼹
咱
璨
秆
け
绾
旃
恍
啬
挹
竑
殃
勅
æ
ι
莅
徭
姫
碓
隈
蹂
暐
漯
绀
讣
恙
耒
雹
獐
夙
觞
剽
僳
龢
獗
曷
珣
靺
狒
崽
ñ
碛
倻
鞨
ã
脲
谧
朦
嘶
惺
綝
郓
â
傈
珏
汜
ζ
螨
芩
ビ
∈
瑗
呛
卍
д
砵
咆
蟑
蝾
醌
霑
Σ
羿
铼
萘
颛
鹞
诂
м
睇
尕
镠
躏
苎
鳔
潦
鳀
∞
刈
猗
喹
俣
彊
泞
坯
耙
佤
佞
祛
槎
颢
谿
藨
笹
氪
蜷
梶
俺
钽
玷
笞
瀬
鲔
梆
ョ
虬
氩
砜
吒
®
翱
蜃
腑
晾
珐
蒨
蹇
哼
４
俶
疍
坷
葶
痞
珙
髯
鹗
圜
擘
愫
臆
玠
琇
妫
ズ
牯
ワ
嶷
霏
涎
陉
灞
＆
吝
瞪
Ω
蹊
豊
矜
噻
峠
モ
愕
伉
扉
勗
陟
戾
у
ς
寐
闩
奭
缬
ê
涞
镓
跷
桉
淝
鄯
沣
弭
遹
埭
黒
喵
崂
蹴
５
辂
傕
嗪
钹
蟆
贽
轫
趸
濡
躄
锝
忤
搓
袱
婶
妞
盱
窿
儋
蜢
瑀
暠
塬
彷
蹶
敝
嘟
锴
碚
揖
惋
墀
麂
菓
蛄
芗
綦
棂
湃
铧
寔
宓
‖
箬
滂
咫
䜣
焗
疝
袤
榉
芎
孖
垠
楫
篙
姒
坨
隗
歩
訇
甾
膊
Å
楸
苴
侪
郯
墘
钇
缜
璠
š
芾
郅
跖
楂
娲
蝓
Ⅲ
そ
椴
飨
傚
蛞
≥
锉
ゆ
揄
怛
眈
蚵
禛
ʔ
砀
帼
ß
晗
増
蟀
橹
狈
邠
霭
杷
籁
篝
⁄
啜
蒾
蓑
乩
豉
わ
ˈ
्
蜑
砧
镅
坵
だ
刽
嚎
É
穂
鲮
拭
萜
蚶
锹
旸
肼
昉
吲
钤
菝
褓
袂
ô
塭
ツ
缭
槻
歴
枇
僮
拽
愔
芍
舂
哔
澂
蘸
阚
刎
杼
炅
溟
仡
鞮
惣
璩
嗟
舔
骐
椁
沓
馗
筐
镯
υ
蟋
瞧
鱚
９
郜
狨
я
鮈
钫
嵘
関
µ
佺
哚
纮
Ａ
淼
纫
蚯
缄
迤
ɔ
钿
囍
懊
琚
邰
跗
罡
阏
囿
喔
ɑ
焜
貘
钸
苄
鸬
铛
苫
揶
謇
蛸
拴
鲬
蓣
荖
崮
袄
ひ
沆
嘅
ど
椋
樋
疙
ë
垓
菰
ゲ
犷
捶
峥
瘩
徇
铤
ろ
淌
糅
鬬
藁
萦
й
濯
佶
藔
褥
胛
酆
眨
讴
毬
ē
鹕
ū
鲎
髋
葜
瘴
痲
沢
犸
亶
凪
｜
鸲
兢
ن
眙
栒
■
獴
朐
稹
刨
伫
簸
泠
瑷
羸
蠹
鹚
蔵
镝
倣
鹋
飒
鹮
†
窈
铟
溱
ェ
沩
榎
繙
♭
鱀
鸪
嵬
鼯
穰
勲
倬
苈
攫
蛳
晩
诤
酣
昺
锇
劵
锔
А
鹩
韫
撬
巻
茁
ノ
馑
闱
辘
缈
ケ
岀
ɪ
َ
皝
跛
圪
镒
讪
鄚
発
圹
ي
楝
槲
楯
逖
哒
狳
郷
汊
鹄
箓
隷
粑
艉
じ
柞
嗝
咭
鸸
誊
セ
秣
壅
掐
苕
犰
柽
玘
ɕ
颧
拈
燄
鹌
䲗
啃
箐
ʲ
镗
م
ō
咁
璁
鎏
磕
咝
莴
嗲
佢
傉
喋
嘿
犒
凫
惘
魇
鹧
洹
½
芈
谩
効
殒
冇
媾
蛀
翳
侑
鹂
毌
│
冏
酢
疋
趺
嘈
丶
ネ
ı
ð
睬
淬
ы
＊
囧
倜
П
氖
阕
骋
荩
仞
搐
ा
ば
茔
泯
孑
Т
嬛
簋
裟
葭
勰
樾
嘢
К
怿
С
榫
俎
钐
嵴
峄
荤
６
蹬
苜
扦
哦
嬗
鬓
ь
`
饯
弢
苾
嶂
遶
劢
黻
砹
埸
呗
ず
髹
蛏
霈
溲
砭
痔
畬
唢
鲢
胳
甑
磬
ʃ
鸱
袈
◎
荳
ゃ
ψ
č
χ
鲣
幷
襦
皙
８
濊
熠
㎡
鬻
粧
①
蜊
跸
ボ
滢
塽
噌
п
倔
蓿
７
焱
г
溆
³
鯓
谀
梿
ァ
铈
扪
砻
痣
钌
榖
剁
逹
阋
榊
䲢
焓
炕
蘅
屌
燿
悸
﹣
锫
鲃
桤
䶮
泫
臾
£
拧
濶
疸
姣
黝
鉲
赳
廍
暄
钋
笆
鞣
膈
ч
埴
و
镫
巯
瀞
隰
徨
坌
怙
び
せ
В
ر
笄
噱
﹙
碶
﹚
隣
抡
蓁
萁
赝
噗
爻
逋
毂
烩
鬟
搪
哙
Γ
⋯
ギ
炆
裱
磴
蛆
飚
澶
钕
б
伕
炘
㭴
②
蒽
侂
肟
镞
荽
礽
邽
鄜
仃
嫚
™
啥
燹
塩
鸻
纨
瓠
Λ
阊
牂
骜
鉄
葳
瓩
芡
婵
缯
鹎
缰
舛
枱
衽
柃
雎
戢
镎
♯
抟
嚷
榧
埂
崃
屉
〞
仟
█
掴
鼱
･
螭
劻
恵
ب
駄
馔
嚏
哌
樗
玆
塱
郞
涮
廆
胯
藿
ソ
ピ
仝
鲵
Ｂ
傩
ポ
硐
柊
舎
鄄
湣
稃
€
呻
郫
辺
冴
螫
枸
洺
缗
窕
谄
瑈
闼
铄
蹋
珺
枥
焖
邙
å
呱
驒
壆
唭
ペ
瘿
渑
翚
髂
睺
幪
狍
锿
祆
莼
孳
む
窰
祔
鬲
浐
鸨
嗡
讦
棨
铑
瘁
麿
绂
菘
咩
坻
吮
酞
泚
昐
姉
逄
畹
驩
墬
捅
鹀
廨
谲
呦
ホ
迢
Φ
骘
嵙
蓖
芊
郇
耜
鲧
绌
ベ
ξ
ザ
圉
饕
垟
翕
舢
埙
铕
芫
庥
揹
骝
腩
怅
Ｃ
鏖
捺
陜
圏
颏
姝
≠
湜
煨
拏
柒
璈
蒺
ね
槊
褔
楽
∶
馁
盥
濉
怆
Б
圮
戕
罘
绦
乜
驺
莠
撩
¥
屐
र
哏
猁
円
癞
莨
邡
䃅
実
猞
М
鬘
郛
俦
衹
豢
剡
珽
ć
洸
荏
莳
痤
Ｘ
佾
吱
髑
鮗
〝
襁
铪
飏
茯
诧
頼
ヒ
樨
雫
惚
饨
遑
罟
骢
͡
枞
篦
Г
鋆
У
叁
腴
鉏
唛
馄
徵
貊
峁
箧
儆
臬
镱
瞥
裆
ヤ
袴
啪
窠
枳
蚋
礴
镬
荸
Á
鱵
椤
箝
赜
豨
潺
揍
邗
谠
郏
崆
嚈
旼
嘏
絵
¹
煚
ゴ
簕
痈
锽
喾
婧
昰
垸
磔
唧
̚
牻
雩
懵
傥
鋹
狎
锾
昪
虻
啾
翥
巂
雑
喰
妪
桫
卬
へ
遒
踹
з
澪
琯
掰
鳊
裒
褛
籐
溏
咧
炁
啖
劄
赍
И
戆
偲
蔴
胍
筊
訚
柢
ʨ
搔
鳂
伝
ư
觋
赊
熨
痍
浃
鋐
迨
铫
Ｏ
粕
帙
卐
郾
∧
﻿
瞽
擧
俅
麸
⇔
戬
娓
忡
瓌
缟
䌷
迸
鹨
垌
髪
々
髭
筮
嘹
饴
㓥
楙
郕
Н
恫
镣
濞
搀
ă
嗔
桠
疠
蕤
簃
摭
裾
蛉
黠
樛
铥
滹
芨
妣
眸
鹱
宍
糍
黟
º
斓
玥
帯
镤
孱
坭
唬
熜
祓
न
葩
伋
燐
埚
谡
貉
滓
③
胝
＃
笕
狛
杳
咚
痨
硏
钖
肓
þ
त
獒
総
Э
堉
狞
愎
ぐ
ì
ʂ
疥
箸
铙
恻
浍
槙
逑
瘙
髀
獬
圀
禩
耨
ş
ʷ
臃
滉
鱥
Р
啲
犽
ʊ
黥
浈
韪
菽
د
薏
绉
篾
Ｄ
觑
荦
罨
隠
悴
碴
鲼
颎
皑
砒
愆
蚱
卟
雠
呷
ご
栿
団
泱
囗
滏
ِ
觇
锲
両
酩
蠊
胂
翀
黼
庹
笪
♥
虿
汭
芃
豸
ه
対
赀
秭
嗤
ò
尙
畦
蛔
诿
銲
値
蠵
鲠
豕
稞
镥
尪
س
梣
烺
魋
枹
咋
駅
х
颡
薜
徬
郿
徴
鹇
璎
悝
鏊
摈
丼
鲦
啧
洎
瑱
谆
坩
荛
遨
犨
籀
Ⅹ
諲
ł
畋
稙
殚
浯
斫
Đ
缦
颀
ほ
砰
辋
袛
Ü
匄
揾
栀
冽
袅
玙
檩
粳
鸩
浞
搂
痿
鎓
Ｉ
欤
篓
畯
∥
豳
玕
Л
秸
铖
篑
叼
乗
悭
馍
椄
衾
甪
咗
汧
≈
虺
繖
莿
瘪
邴
О
钣
诜
霎
缑
栻
嶙
蜇
詧
鄣
叨
寳
沤
籓
˧
憔
鹪
仵
ُ
罴
埵
薷
渌
↔
纻
鳏
痂
ý
餮
椙
盅
涔
覧
讵
篪
湫
纡
䴕
髙
鹜
瘸
狁
暾
磘
ʒ
哋
聃
玹
竦
铡
哟
ふ
勷
¬
蓥
Č
禳
ょ
舐
∀
唃
粄
囓
凃
捎
佻
ʦ
箩
髡
暎
ع
嫄
淙
経
ƒ
広
ユ
煖
吖
堞
藦
ˊ
毖
呒
璆
哎
栝
腆
幄
舨
倌
醺
撵
啻
萣
ш
崤
継
ě
☉
蓍
觚
眭
钪
窣
竜
権
镊
犄
黩
衪
気
毽
舀
魍
鲥
Š
踌
ɯ
ï
甙
瞋
骶
闘
毐
彘
眜
罍
洧
ž
茌
嚟
酎
鲋
栲
廙
˥
尅
笮
昃
抜
ą
ि
烜
酊
Ⅳ
娈
↑
挻
泺
桷
禑
蠲
ぎ
Ö
げ
û
ж
淸
隹
躇
î
壸
潴
妩
哽
廞
､
胴
鼋
魣
変
赧
梉
瞌
蹙
垚
玢
溞
嫪
Ｓ
笳
螅
䴘
犂
圯
売
砟
祧
䴙
髢
罅
ˋ
缥
埒
鼷
琍
縠
禵
╱
魑
夼
満
䓬
恚
龋
ɡ
›
瘰
˩
叽
澚
ˠ
黉
啯
ㄚ
ヴ
钲
胼
棹
撘
歛
蕰
蚡
珰
礡
庖
暌
哂
硚
俵
崐
偻
掇
嶝
鑪
蕗
陔
ヘ
惦
浠
曽
་
鸰
蚴
镨
惆
咔
埯
憍
畀
䓨
䓕
唏
琤
箦
偁
徂
ś
Ｖ
▲
娉
噢
嗯
遘
壊
茆
扆
橼
砮
｡
鮀
̃
渟
锏
悰
‡
橿
ɣ
絜
鳓
म
朓
跏
卣
倓
य
袓
逯
懑
鲾
√
鄩
燔
凖
奁
澥
œ
亹
炤
柰
≡
ù
嶲
糬
骙
耧
鄠
皐
茍
珧
蒟
魃
腧
観
Ｇ
猊
貍
ɾ
膂
Θ
ぼ
葑
蘧
诔
楢
茑
矧
̯
偎
燏
綎
이
ت
า
钬
蹑
槁
掟
冨
囝
缫
榇
∇
倧
翮
व
厓
遄
寤
嫘
ř
沄
蹒
垡
欉
辔
螣
牝
鍱
湎
钷
斎
稲
峩
媞
膻
搾
栞
跚
仫
竝
廸
慵
纛
篁
瓟
ة
厰
璥
摅
骕
镔
廌
挈
ْ
Ｅ
噏
廻
õ
ʼ
钆
琎
瑊
裈
ق
児
昝
崞
Ø
Π
噤
皞
♪
錞
楤
羕
犠
鸶
娆
§
菪
↓
岿
偌
罽
ό
梾
枧
ぶ
峋
㩲
貔
♣
đ
忾
唠
媪
缛
埈
鲩
Ｑ
幛
瞑
幞
怏
衿
狰
埜
狷
匏
朊
ц
喳
掞
枏
姵
邲
昄
畷
肜
煕
坬
प
唉
茀
Ｆ
荜
ğ
赑
訾
堦
禔
ṭ
麐
伧
戗
べ
捜
珦
跞
蹉
溘
杈
铽
鎶
㹴
徼
倏
墕
淯
弇
卮
圄
倮
穑
鬪
薫
镈
囯
抠
頠
鳠
姞
煴
夤
煅
惬
営
蓇
э
ħ
暻
寘
∗
醪
螽
襞
擀
煸
処
△
ं
齢
‬
苡
瘗
ヶ
屺
檨
㦃
菑
鹡
葖
覇
僰
囹
ḥ
酃
朿
ㄇ
स
槺
̪
晳
蔹
ɐ
沘
赅
盩
涑
疳
紥
⊆
麇
渉
〉
蒻
掬
铒
暸
〈
ά
勔
诨
悻
怦
烊
亜
旳
殄
Ｔ
嬖
唵
淠
旄
樯
爿
泐
嘀
霊
鳯
̩
镄
皴
砗
鲅
づ
￥
軚
楮
颥
ơ
ɤ
蒡
魉
葰
暲
Ⅴ
屄
埝
拄
籼
痧
磲
ゅ
茭
ί
铩
訏
瘢
麹
孓
櫂
厔
鲙
ร
锛
蕻
﹪
趵
黾
熺
収
豇
霨
˨
跺
僊
诳
憋
Þ
胙
蘖
撂
桕
癜
∩
㭎
醂
馊
έ
殛
鄘
鬯
螟
勦
④
餽
鮻
筚
黡
婊
禊
蝘
哷
ف
缶
鯭
Ｐ
曩
ɨ
骓
Ｍ
ォ
侁
嗒
嵛
ك
褙
褴
忞
ṃ
髁
噎
暝
媵
愣
鞫
伷
捌
侔
鞬
拎
∨
아
掮
呔
蜉
绔
傒
篌
旛
蹭
粢
谵
ń
ヨ
薤
譔
舗
袆
炷
䱵
忑
鑨
浄
紞
粜
揸
翙
旒
厍
荬
撄
黧
囡
瑢
垕
笥
韮
क
蒗
篯
ก
น
́
̥
鳜
剜
縯
Ｋ
済
忐
莜
狓
弉
缣
濙
亀
愬
廒
咻
畊
桎
砝
苅
啕
鏻
呑
箪
垴
⇒
鳁
悪
䝙
忝
堍
ṣ
栄
喽
垱
ʻ
逶
嗨
偓
鰶
阄
ぬ
猃
荑
甡
剣
徉
〗
菫
弐
酦
梃
籴
虓
叵
梏
⅔
掂
漈
躅
牁
郐
㚟
宧
琹
拊
箜
∠
郈
骃
ờ
佉
苁
禋
鲌
喼
䲠
畤
ℓ
槱
廐
绹
倨
馘
菡
遛
ぱ
蘗
谮
玨
ʐ
邋
ˀ
廼
＼
帏
ю
♠
辏
ㄟ
ę
粦
塍
晸
暦
ʁ
ح
鳙
栌
廛
珝
穏
祏
徜
诶
聩
溇
櫈
ύ
湼
捒
続
ɦ
衲
湉
菉
盦
鼇
杻
龊
蹿
褡
暕
烝
Ž
呾
搆
鄫
陬
崚
י
遢
瀍
﹒
鐡
愠
瘘
茚
佝
颕
敉
浤
囷
箨
铚
姘
渋
砼
掲
赙
ɿ
∪
䴓
鷟
捂
饽
钶
〖
糀
娍
˙
Ｌ
ざ
塙
彜
ъ
ㄨ
釪
湔
Β
扺
涠
䱛
橚
吽
ˇ
搥
袪
Ｒ

揿
庁
ु
筼
抃
谂
镃
糗
竽
恁
旖
다
腼
䇲
瑑
岢
蝣
瓖
暊
蚨
鑛
耄
Ç
嗑
妺
戋
咛
晧
⊂
詝
Я
₂
缃
黐
焼
蟌
İ
袢
衎
璲
潋
帔
倶
鯻
镏
虉
锒
棐
裿
噫
単
俛
堠
龠
茏
搧
♦
喺
働
瞠
檫
芴
澁
眦
晛
ő
椹
彖
醢
镡
ゼ
鄕
彟
畚
吭
彛
砬
轵
＿
杙
筩
嗦
懐
ו
桜
芘
仮
巌
甗
謢
ɲ
ย
洌
迵
筌
讬
旰
靑
惴
痼
呃
肸
屃
อ
眇
颦
舯
扃
扞
缊
刖
ط
苺
鍙
骖
鲚
伢
埏
飑
㧑
淛
啷
渕
ो
哱
礐
吿
貅
蟥
嚭
姶
ｅ
釆
槰
ヌ
跄
昞
挵
媺
杌
ヲ
∕
伡
牖
塲
靬
䍁
ŭ
咥
ә
劼
侩
÷
´
艽
腙
婼
浉
氲
臊
द
梼
ㄆ
ʿ
唎
碻
窨
襌
畧
朏
椪
麺
Ó
溍
絪
閦
杪
龃
蝼
炟
ǣ
騒
璹
钔
劬
疖
ʈ
狲
ˑ
Ｕ
粼
峣
Ä
犼
嚓
旵
劓
枰
Х
縄
竩
Ψ
乭
錾
鲴
磝
鞴
饫
寯
刋
馋
鲏
尢
銭
漼
跣
菔
屻
鳑
沚
汩
ས
嬿
唷
ȵ
衄
ế
龉
狃
啹
З
Ｙ
أ
晌
ㄅ
♡
蓦
㎞
⊙
⑤
坮
蹩
岜
婀
羗
绺
玦
龌
廋
ʌ
骀
埇
獍
涙
ぽ
喦
踯
缳
魈
轳
矸
ạ
郪
ㄉ
¼
踉
ʑ
忖
泅
歃
ぞ
挎
緜
ɒ
槠
湴
弾
戯
湝
窋
宬
ั
เ
絷
ǎ
痖
賸
Ц
㈠
猋
蒌
廑
纰
蚰
旎
鄀
嬬
図
贶
吆
贌
Ζ
噍
鸷
酂
搡
殽
夲
羱
ё
沏
氤
缁
ّ
疎
聒
ـ
慜
廵
塀
犴
姮
ㄑ
応
ɬ
燠
̍
栴
╳
轾
筇
柷
怼
鞞
蘂
桴
樘
玚
漑
髫
＠
浡
Ｎ
惔
爌
滃
ह
砣
鳡
Ｚ
淓
筜
岵
Ⅶ
蠋
珵
簗
舸
呓
垧
ز
忉
赕
喈
秾
欹
脘
挙
鼍
臯
祹
ง
衩
Е
ม
┃
漉
汆
ė
Ş
賨
呉
⊕
従
ề
檊
⒈
浿
唳
鵄
淏
浟
顕
旆
श
嗉
慭
魩
栊
崄
讃
霅
湓
崱
墁
妘
嵒
梱
蒄
葚
撚
潆
帻
ش
堌
隄
啁
哖
绲
祊
慥
笫
ל
塅
嘞
㈡
琄
疴
皤
鼾
阌
Ẽ
殳
ग
蟱
綷
棼
鄮
転
ệ
磻
茘
髌
仂
坧
繋
亓
瑸
茬
ș
簠
Ο
堈
ᠨ
한
禼
殂
崠
Ú
朶
巣
锱
漶
暅
櫆
♂
滝
瑔
ท
桄
茈
鲊
黇
̞
诓
裢
踫
潽
憺
‐
ה
ɸ
ố
摰
糌
兕
曺
骛
麈
誔
나
缒
⊗
馕
鳒
硷
孥
阃
懽
ṇ
褰
澉
䲟
橛
禨
攞
ấ
傧
偪
溷
脔
ज
剐
瓿
̠
ㄛ
ج
沇
昫
籥
筰
ོ
潸
ར
氷
譲
槇
ི
蜞
⑵
棪
鵺
徧
獣
ộ
⑴
佖
怵
蜣
氽
搦
憕
搽
僜
ㄌ
珤
㐌
锍
喑
臈
聴
斲
◇
Ф
嗄
禟
鹆
丏
漥
﨑
栳
薗
Ｗ
玭
拶
䱻
砫
蓨
瘉
่
憙
讉
酺
ㄩ
刿
跩
钘
弖
塄
∼
烱
芑
＇
钎
خ
仉
舄
嗷
鸺
䶄
ｍ
摛
ɹ
ว
敔
啣
賛
盍
阍
棫
缡
⌈
攥
捋
ǐ
觌
虒
淍
妯
抺
사
绐
娌
⒉
ả
བ
إ
眯
搠
滧
觿
娀
蚧
懔
喏
盹
摁
椟
하
潾
秏
⅓
Ō
孬
绖
逌
ल
仳
蕅
脗
咺
睨
篥
匂
仨
迓
癀
啭
搢
殍
燝
啱
宄
輶
硓
蘩
柁
綧
鵼
摞
가
荘
蛲
鳈
硇
ต
亻
䌹
妁
奀
揑
ⁿ
ิ
Ｈ
ะ
ή
̝
姹
◆
骺
洑
彅
茼
枓
郳
険
ㄎ
験
嗌
蝈
泖
ﾞ
耋
駆
ʉ
萮
ש
刳
瑺
ㄷ
瀹
薬
ى
缂
濩
錀
舣
遯
伥
喟
悊
畛
鞆
니
靥
垤
葎
颋
悛
Ḥ
鵎
尒
齮
ḍ
璮
茷
煃
ớ
ż
悃
鼒
杬
庒
苘
嗢
髷
悱
镪
ذ
䳭
皦
蕹
⌋
ན
ɽ
鹠
暪
脒
ĩ
嘤
肫
瀣
帡
蓂
蠖
지
鹣
俀
⁵
Α
娫
Æ
矞
ㅇ
筅
龁
Ł
Ｊ
ồ
ů
禠
晈
熿
岈
鄗
帰
貒
圴
媄
্
虨
ɚ
読
ू
奣
姸
䱗
耷
壝
秫
ㄋ
馐
鹓
♮
े
晙
鲐
♀
樉
柟
㴋
ọ
譓
⟩
Κ
瑆
烋
呸
∂
鱾
ゾ
踱
圑
沬
͈
ㄙ
嵝
轺
跎
媭
塆
˦
眛
勍
㐷
呪
萋
ด
倂
覚
陁
요
戽
∑
揩
秕
绻
은
橞
疔
⊥
椥
欸
彀
翫
睥
蕖
圌
晊
蔊
鋕
礤
绠
洨
嫱
া
曌
靭
‹
ุ
忭
瞇
阝
艶
ф
�
⋅
敫
리
魾
嵎
蒉
逦
飡
擞
騋
蕺
俌
旽
ａ
蹀
頔
绡
骎
巉
瑮
蒎
‍
窳
้
趼
ḫ
檠
猱
脢
垲
﹗
臓
।
僎
ө
騨
屣
狻
⒊
驎
燫
ʋ
匚
彄
聼
甴
盉
婑
∃
ㄏ
瞓
錬
刄
⑶
锬
攷
橥
箒
㛤
焌
詈
曱
窆
Í
丨
ţ
囟
洣
Μ
溎
惓
어
鍟
咇
棰
昚
蓊
堎
라
铦
騣
俫
牾
榑
ད
襕
䌸
舳
㸅
秬
堙
䳍
呣
捭
ག
诐
廰
觔
雟
锳
愒
叆
茕
跶
ㄈ
褕
翺
墡
卨
א
閟
Ⅷ
蘼
¾
膘
泇
韡
瑨
莸
艟
槚
爀
簟
‥
Ś
妠
翃
屇
诎
ㄴ
铹
র
桲
ｔ
岣
시
昇
℉
娎
沨
⑥
柸
槩
爚
Ⅵ
峘
猇
抿
閰
杧
椆
⼈
蒹
鬷
瀼
汚
瘼
Ξ
蟛
澔
鯈
Ч
滟
₁
㈢
ㄢ
⾳
ɖ
ầ
鞌
ſ
镦
荵
碏
ġ
霙
讙
琫
楩
柾
凇
菼
ㄞ
鈊
縁
鹖
夨
懃
晫
∙
鏸
塡
坼
苊
僔
岞
穉
ắ
匜
炝
痱
Ā
铏
ㄍ
氵
齑
昖
轘
磎
ㄕ
埻
鴈
ㅂ
渓
嫳
梠
忯
盝
嵚
屭
厷
猡
灢
垿
顸
疐
诮
蕡
艨
爝
荇
澣
澌
孮
摽
逡
Τ
驽
滈
検
觜
ㄹ
甍
牼
刧
ུ
仚
埽
嬲
踼
ล
俋
ㄡ
谞
玡
堿
¡
禥
跂
鼙
呙
嫲
棓
缐
瑳
苒
隳
烇
ぇ
蛩
悒
敻
镲
Ю
浛
℅
滆
斉
癔
煐
悳
ị
囘
鑅
鯵
呖
軽
嗳
窅
涷
洊
椝
馓
垈
獏
咿
侘
凼
⼀
媜
嫰
ی
晢
佧
羖
卲
舻
擕
颃
榣
ậ
ա
鴫
滠
哝
锎
嵕
і
飕
瘕
吔
婠
昜
阼
鍪
渫
砳
扥
晡
Χ
ר
̈
浥
垆
鏳
兎
Ж
䏲
ㄒ
서
鼢
ũ
च
䂵
栐
摠
ở
蠓
螠
ㄝ
墭
弨
觥
猢
ㄠ
柙
罾
撅
礓
ἐ
מ
莩
에
鬈
ד
嫫
攽
豷
舾
艅
匋
矍
訳
ゥ
垻
纟
ぁ
狯
⑨
潏
壂
縂
▼
脿
箎
荭
Η
祼
琠
酹
艚
褊
枵
ｎ
曈
圧
䥑
氿
泔
래
啫
㵲
犇
葇
曔
ễ
Ñ
゜
曧
剉
楳
熥
栟
ㄥ
镟
缌
ः
庋
斝
倕
猄
焄
偰
鲯
莕
祅
裥
籾
摀
屦
˚
Ι
鹲
咾
щ
厐
ɟ
榅
洭
禤
祲
오
玅
覩
㖞
紃
夂
䜩
ת
⇧
焞
尓
筦
ぷ
舁
ẽ
牤
여
鳣
匦
柤
喁
渼
僙
铗
艸
郄
陴
痳
愼
儇
庲
镆
醵
鹁
№
庼
镋
矔
楬
缍
І
ɵ
鵞
璪
躔
讐
〃
藠
颟
粃
క
䲎
熇
ㅈ
禚
ɓ
撙
蜩
媓
수
峧
褵
ང
魌
鯥
는
ㄊ
ň
䃟
赗
糢
撸
璙
ぃ
疬
愐
ｘ
ʕ
ʥ
焢
ɫ
厣
酤
忸
ɜ
Ε
珒
怱
漖
泂
薁
ध
鳇
瞫
狝
▪
芟
斿
ぴ
漴
卌
薹
嫒
讱
簒
鄤
㬌
轱
逨
踨
अ
睚
玗
橦
嘭
橓
霫
㖊
傜
艄
馃
蛐
凴
邶
崀
ㄦ
虵
慝
„
缷
울
보
鬰
拺
ㄱ
寖
抦
漷
灊
粩
荄
梴
蟊
ǝ
ℝ
ఖ
桯
掎
璂
鬭
緃
ส
囲
怔
慆
ɰ
暁
ㄤ
Ν
舲
甓
冧
娡
綍
鸹
溁
鏓
脬
棩
熘
缱
筈
ㄜ
峅
嗥
垍
ห
笩
嬢
旉
ợ
佮
餍
偬
楦
庳
대
스
鄅
脤
钭
筭
捽
诌
ぜ
蓐
櫲
踮
懮
ぺ
龺
鄋
栘
颣
ㄓ
洫
烔
Ш
伾
纩
氕
阬
坫
搨
汸
瓈
㎜
그
ב
剳
黁
㫻
鲕
ㅏ
ɳ
ी
趯
蝲
噼
鸑
瘐
珓
祤
丿
►
榼
姈
倅
ص
貤
黙
ལ
⟨
殪
고
祘
払
燵
嫮
怃
荅
羑
倥
澯
⾃
ｰ
臞
ʀ
瞅
泩
소
旡
邆
睟
揼
荈
ण
ἀ
唹
踎
ㅍ
瓤
卺
莙
莃
ח
毳
ｏ
攴
ṛ
饸
燨
©
衒
儚
赒
ㅅ
ञ
闗
旿
ष
沺
ื
倞
飮
ĝ
의
慬
桝
À
ỹ
祩
奨
窓
蕞
̊
筥
恊
妸
荋
辧
謩
柶
咂
櫾
敩
哞
菻
噉
䓪
挿
佷
‪
寃
氍
昑
壐
ɗ
พ
ʅ
㮾
敳
揵
䯄
भ
钅
ﾝ
醘
冚
정
婬
垞
錱
ǒ
憼
雝
⑦
渶
ㅡ
裇
鶏
ẩ
氇
䗉
拝
簏
馎
̟
ء
ǵ
挢
غ
幵
釭
⒋
崾
惎
睗
․
ע
貎
抻
ṅ
妗
宀
枨
廃
鰗
자
韺
洴
旯
囎
媿
崒
氆
蔫
曁
巎
ㄐ
穋
ʱ
慇
扱
棅
矻
隃
ʏ
寊
洢
̤
戥
∣
⑷
曕
慓
蛯
ㅣ
檞
冩
饹
榃
硎
珔
慊
觯
釿
미
馛
繊
壱
禇
ḷ
蟷
ȥ
ে
溦
槔
欷
芐
杩
龗
礅
ʾ
尨
Ъ
ứ
Â
玎
咢
瑍
癿
椀
螉
壌
岽
∴
汫
য
罳
邘
枡
璬
槪
▌
屙
讠
ྷ
일
霱
釴
谖
夒
厶
ㅎ
蔀
鲒
จ
劔
镘
Ἀ
Ө
마
甭
ṯ
嵖
踬
ּ
贳
侉
葸
崦
琡
荙
敭
鞶
亅
㴶
ĉ
글
蒇
潖
ㄔ
茝
黈
珫
撺
¢
悺
亷
謤
₩
Ⅸ
ĕ
﹖
畇
饦
礑

栜
ㅌ
曮
鑢
ʮ
哓
揲
鐩
疪
閧
ְ
ỳ
潩
舡
ㅗ
揺
猯
麁
ώ
碖
僇
弍
戻
妬
嗱
牴
労
ｽ
⑧
隤
晅
ㅋ
饧
羼
기
擭
ḏ
哐
踭
眄
辿
ņ
髆
洐
龅
＄
琲
์
爟
름
㎢
蜮
虘
נ
斁
祾
湲
婓
ῦ
梫
̲
籣
埿
絣
墌
魠
縢
鹍
犫
缋
楧
辒
犘
ض
姁
幚
瞉
蜾
硗
瓴
Ż
艿
鼗
魖
庀
ῖ
霤
諟
ㄣ
镢
蹰
暟
ㅑ
喨
踘
漙
ŝ
摵
연
ㅕ
ㅁ
聡
剀
吚
笊
肏
㎝
羝
̻
ｃ
璛
Ṭ
抔
汋
釈
甝
徫
厳
ﾀ
ǔ
芰
狌
㗎
旮
ช
嫽
㫒
綪
脁
墒
ｒ
罸
浰
愀
屘
ब
螲
捴
우
㶉
罊
Ṣ
姱
苧
莶
ེ
肭
怍
脎
骟
溽
ἰ
ŏ
峃
蝪
脳
楡
窭
矟
聦
̅
嵫
褞
詟
枬
㻑
勧
蟴
澙
̱
蠃
埧
咦
塜
嚚
珖
鼈
菥
Î
栔
粝
안
̺
麤
墈
嚞
邉
ئ
ত
纕
ἔ
嵓
竒
襜
蕯
寕
潲
嫕
∘
ป
縦
铓
朞
弰
哕
蔟
ִ
訄
漭
ᴇ
㺢
粍
∉
閙
ʧ
寜
笱
穟
ㄘ
鑁
矬
夊
愦
⾏
矴
啵
夬
簖
蜧
ㅊ
雱
嚤
摃
을
珷
朙
逷
騑
堽
裲
锠
鉥
ث
玧
搴
ʙ
铔
ɴ
趖
嶍
㙻
箣
冫
揷
璄
賔
ㄗ
ɥ
ʝ
螋
艎
昡
暶
蹚
ゝ
拑
遝
犟
芛
怩
祃
呲
忪
溵
Й
羂
犏
埢
Ь
摂
酏
哢
ὐ
ᦶ
ť
聱
莛
嚩
彍
墎
胗
帱
김
穸
笤
玓
倗
彳
薾
夀
ཏ
ủ
撦
琜
嚆
Ё
沴
ぢ
颿
埶
硿
饔
鏼
䄉
掊
楘
㹢
簌
ם
ྱ
碥
癯
匁
獯
ক
袿
유
烚
筳
내
鲘
畳
ี
侹
呴
冮
緖
蓠
羾
㘰
ҡ
惪
慿
壻
∫
₃
ן
거
ʣ
奓
珎
⌘
匸
逺
Ү
蹯
莰
Ѣ
ʎ
椚
娸
乪
汔
沕
澨
杣
Υ
盬
歔
斠
銙
ｄ
瘵
箅
磙
禘
স
芼
ܐ
觏
煟
辵
㮒
欝
謜
僡
ㅠ
ɻ
竻
绨
饩
㴐
伇
晭
㈣
絽
峼
성
枟
棁
坔
ʤ
阨
栂
È
僩
槅
骹
佀
蝥
熀
㼈
屛
龇
眬
翜
珘
ㅐ
嗬
ㆆ
熛
鱙
擿
駮
蟧
埆
鿕
희
锸
ɭ
ㆍ
ຈ
瀷
翾
མ
刣
惛
鑓
脰
脞
旟
氅
琕
ɱ
婤
瓐
酓
榚
ㅔ
辀
ㆁ
ң
酖
椑
鍭
崶
冂
蹓
眘
嶰
剅
ĥ
₤
仏
ữ
禖
ㅛ
玱
轹
伣
鵖
擐
溋
灴
ÿ
थ
丌
毱
ĭ
鹾
虗
穨
珹
บ
㽏
〒
佂
饣
㬎
妏
褆
Ȝ
扜
厖
인
瑅
囮
ٌ
ন
Ⓐ
狶
ź
踦
乸
嶚
해
ﾓ
燡
踟
诇
篼
皷
趆
愃
ɘ
ค
鬶
ㅒ
鵶
黹
瑂
烒
楗
罣
鼌
兪
澫
嶌
แ
扌
̀
Ρ
ɠ
柎
昹
訔
媟
면
掤
도
跽
枠
蓢
繄
裋
楶
憻
稭
ể
愽
艻
ª
俍
痆
ᴀ
Ê
漋
踣
矰
ｙ
飧
浵
岕
倢
ˌ
臶
侅
匽
ა
鱎
聨
輌
ῶ
亁
舋
槑
锘
ỏ
椼
卄
㟖
啗
眊
綮
瞟
耑
麃
漎
Œ
羮
汏
ㅜ
韈
朒
濍
滍
䞐
皲
詥
亠
焴
榱
怫
რ
幰
亊
珌
鄎
塨
ྲ
暭
淲
喩
歂
㙔
ű
ᶣ
衖
藳
劒
̰
ַ
睒
ম
曛
媸
旲
‵
焿
轪
眅
尫
翈
戤
貮
嗖
鞗
膣
ĵ
婳
▷

䐾
猺
麚
洤
囇
鋳
㴭
ٱ
ｕ
鍌
歜
제
㝹
↗
筻
駼
糈
嚢
ẻ
笾
溰
麑
揃
挲
ゐ
圕
奡
焐
泜
悆
襃
攟
爔
唻
ㅓ
歯
霦
酔
Ѳ
镮
禆
锃
噙
塝
釬
缲
瑫
瀮
滽
鳆
⒌
灜
酲
禬
һ
≪
芿
罫
晄
棆
楛
窻
鋋
ន
椇
박
绋
渇
㎏
Ә
∅
堩
覊
銎
皕
Ĳ
ț
攵
垾
丂
ｌ
蠄
爓
甽
郚
구
眚
畮
∷
遫
甃
麊
襻
圙
拡
埘
茺
鶆
佽
隂
囫
菹
眵
癈
䴥
ک
穄
湌
ử
▽
འ
Ŭ
ｓ
坣
弽
Ӏ
㵑
드
ཨ
痷
捃
揜
唪
ֵ
柉
韾
㻋
牓
ㅿ
偀
戣
ｉ
刭
‌
ศ
摏
拠
僬
杢
厯
磉
Ÿ
恹
逭
楪
ғ
Ð
ҙ
眴
瓉
櫍
ヱ
褍
娖
猰
㙉
虩
黗
║
糁
Ô
날
洳
ｇ
逎
螗
າ
虖
伛
치
輙
โ
恝
怳
弌
阒
鹢
ृ
馺
秺
圐
ㄖ
挍
Ṫ
緈
蠼
礜
ܕ
蓚
∏
鐬
髳
囵
Щ
瑴
忄
褎
ܒ
ｂ
蚆
蜼
揔
㗰
ᧅ
凵
̄
澋
糓
佴
缧
觝
儍
들
胬
鈏
람
埌
迆
蝀
豲
영
薅
腠
囔
嗾
叧
너
茇
蚳
耇
睠
歅
ظ
阽
䱂
ไ
ธ
ㅖ
冖
타
墱
檒
裼
劖
琀
ն
آ
褧
醅
Ⅺ
儅
骉
승
捦
湑
៊
郰
轓
㻅
忮
挐
ู
廮
｝
¿
야
호
穐
愭
苖
㈤
欵
瞷
螬
醸
개
岧
璷
䴈
刼
糎
鍑
诖
隩
箠
ľ
駹
伬
黢
矼
穣
泬
冔
锧
嬝
ָ
臑
彚
嵵
嚗
叅
幇
세
瘖
｛
嵿
跹
謌
玜
竂
偱
Ē
狴
昽
涍
铇
ǃ
佋
鍳
蝻
腘
弪
바
牋
鎋
槜
梈
Ы
臮
闶
鷰
㭿
逤
咍
裀
歭
踅
네
디
葊
ὸ
彣
岠
枲
啐
ո
磜
擤
주
帞
瓅
伓
揠
晹
獚
枌
蚢
䢿
প
瞀
歓
আ
鈜
ὁ
尃
晪
悧
窀
朩
ǧ
隞
昩
髄
臿
忬
儵
瑇
鋈
僴
绁
靰
आ
朅
侊
鱓
위
焠
嵨
礻
駈
搫
ỉ
椳
瀤
枖
蟫
勹
礿
扙
鱽
眕
僄
ゑ
ۇ
Ə
鋻
翣
韨
澭
滗
ẓ
堣
爕
랑
㚻
裯
栯
炌
່
瘅
夛
楒
樻
芶
洿
ֶ
ი
罝
塉
淐
驵
翛
≧
塁
臙
瀜
ϑ
腽
瓞
까
苿
漍
禃
憓
隲
靇
硙
価
ừ
್
滶
鉌
조
廔
煠
茖
ү
鋡
虮
ŗ
ʯ
◁
≦
ហ
霪
ｑ
ї
萆
玼
岏
㼎
礌
椗
屮
鄏
䗛
刕
禸
哧
ុ
漒
跬
쌍
椐
ṳ
크
箆
萏
耢
玒
ס
ὲ
ḇ
⼼
巛
҉
耏
ῆ
ি
ḱ
ܪ
窬
譌
寗
祫
袷
徃
ო
貐
枒
ˤ
絫
게
濋
凟
糭
鮘
鞥
건
畺
袝
䄙
掯
Ř
恮
ｆ
泆
煣
鞡
沜
褟
것
璻
្
ṷ
چ
垐
墺
Ë
牗
卭
諽
ᦰ
侾
강
笵
餈
圬
漦
悤
酅
揎
熯
曡
ự
◌
孭
⼤
⑩
榍
鏱
태
ʄ
倝
狆
恾
된
阛
榤
媮
입
笒
潵
噺
瘥
瑹
欆
蘘
玶
≫
잘
躞
壒
霶
芚
㛢
汱
鋺
儦
처
欬
鵸
祋
ཙ
刦
藟
徍
偾
扵
ȳ
烕
ṡ
ֹ
Վ
垯
포
로
菶
粛
仼
ằ
竉
Ң
䁐
諌
謷
踔
镴
硭
儞
緁
།
橏
亍
熈
凊
肹
兟
畎
砑
민
墼
婻
癎
谰
﹩
䤈
玏
觳
筸
ր
撖
炏
트
ཱ
ᄅ
ট
碪
柀
赇
堨
Ć
幤
蒈
산
운
ȝ
⅛
僦
예
髠
漘
肈
ܝ
羢
남
ข
∵
襚
邔
锼
戉
﹡
현
犭
ἴ
蔸
橒
濔
赪
尟
ླ
璚
崟
ษ
駉
䐶
碞
怤
동
瑬
玃
ྐ
籝
ງ
비
煆
刲
叇
虪
∽
壖
Ἑ
掦
諠
镵
용
Ґ
熞
蠎
姃
辌
埱
涢
靱
龀
躶
◼
夑
洈
방
菍
挀
廾
僣
躜
㩪
拃
Ў
觕
嫠
谇
稾
苙
泃
ỵ
蛴
碡
岹
靔
竢
褖
琔
褭
裬
┴
榙
逓
缞
趫
稺
磹
卩
ཀ
髎
鯸
塰
ನ
楑
鋬
ʍ
挌
པ
诼
禝
Û
狖
ܢ
焮
Ƿ
워
歕
朌
帟
鄃
漧
踽
妵
嫈
楕
庱
ཐ
琈
좋
ụ
ɧ
胔
莾
褾
硁
ᧂ
罏
پ
筫
¸
憝
灉
箙
粬
원
獳
醡
ј
┘
⽴
髽
踈
衜
爋
鬐
枘
ג
抅
嶐
䂮
晀
ւ
牣
駪
糼
憯
歈
͘
㷧
灺
洇
槴
ｺ
⺗
觖
剰
硌
觭
璕
ນ
㺹
Ḍ
Є
躭
Ĉ
涫
蟇
↵
Ṡ
⁴
傔
饤
掍
佪
㶞
蝤
⼿
裦
觽
蠧
擥
丩
،
搋
暍
龆
礵
鷇
̣
頀
媗
甞
↦
Ǧ
ἄ
ລ
踺
枿
Ã
飖
黚
⁼
ถ
⎦
별
珆
䙓
俤
জ
襷
㓛
粁
鹷
橺
愓
থ
枻
誎
瀵
్
祦
斮
灋
櫜
䆫
硦
鹴
蟮
氊
濳
鲪
鄷
趱
悮
≅
Ș
천
蜫
螵
嚿
䏝
梀
蓈
ὑ
慱
壡
㥠
ɝ
閪
恇
椬
생
ｐ
桭
䗴
蓭
煓
刓
婣
磤
浭
縡
敇
ѝ
䅟
ؤ
譒
嗙
咘
莝
瑃
嘚
籞
⒎
鲞
髲
⎡
狫
泿
몰
癃
朸
柍
鱰
稊
汦
娵
ẞ
噀
ķ
蓪
ܠ
알
ぅ
辶
髗
巙
鍝
氎
貹
枔
虌
兛
嶅
蔕
└
Ἐ
炲
▶
弎
◦
穚
鲖
垜
ぉ
皛
瀴
秅
Ά
ק
酴
ɩ
̂
瑎
ổ
ǫ
烶
Ă
嘣
ল
‭
ׁ
剤
재
彡
녕
曀
๊
鴎
鴸
Ϝ
墦
邧
睩
岥

Ἰ
甿
왜
ỷ
麌
ⲁ
碹
ು
猨
ɞ
緌
장
昤
刜
崈
摎
劂
垙
镚
巵
雘
飜
蝹
梽
灂
鑚
┏
欻
전
昍
백
袾
과
猘
嵜
ʽ
蘡
碤
曶
逰
்
㵮
ड
巃
螔
㘵
왕
冝
嗵
棌
Ḷ
㈱
⽣
沋
垝
绗
帗
箚
胨
堮
艪
鸤
ʜ
Ū
苨
垰
گ
裰
冋
耖
澴
㑹
ⲟ
瘣
倷
◯
涴
甶
毵
饾
轕
Ț
ិ
ै
纒
杁
䫈
廏
鹙
Ư
趜
醤
藂
篢
骍
∝
蘵
凐
腯
阓
頪
偒
Ý
梂
彐
鎕
酾
搛
㶶
Ӑ
洀
銕
습
恉
婥
ὶ
ﾗ
疒
昛
楅
聟
揞
檙
蠚
暆
窎
진
차
穜
纴
ѣ
奰
脋
ḵ
鍗
화
鹔
ณ
昣
罉
埮
嬾
傃
⼒
萳
窴
゚
⽽
㞗
ᠠ
무
噂
კ
塟
溒
Һ
磵
嘁
ď
跼
玝
Ħ
ϒ
杕
珇
Ő
蓩
掼
韴
버
檡
媖
龘
鉟
부
않
﹂
裎
ཧ
ƕ
毹
ซ
孶
坰
ख
﹁
ິ
臖
喣
䶈
䄂
箑
杮
㙸
ך
ី
卋
ƙ
蔪
倎
睌
峑
즈
⦵
㶽

珸
Ј
痩
炑
霔
㔨
偦
垔
莬

饍
棬
砢
弸
臇
紏
ব
만
埨
旴
耈
鄾
鞒
玿
鯏
蝜
蓰
ų
瑧
孹
蒱
姤
劗
되
䏟
봉
奱
刂
帊
崋
殑
馝
恌
庈
闚
牕
伒
覅
㮵
崿
敶
ǹ
惸
藋
嗫
椓
亰
膥
埁
頟
蔌
ℤ
Ǐ
Ť
르
橾
ლ
巜
靫
倰
尐
笭
琞
터
鷃
恧
埳
獛
畟
逈
刴
飃
嗧
龂
鬄
苪
枑
蘐
ྡ
㵂
驘
溠
㠯
‿
齁
悕
祄
湶
娙
ṁ
啇
쳐
荂
ṓ
ཊ
裛
飐
囥
屾
禐
陥
羃
拫
骦
璺
朂
ผ
蝂
赆
褉
薖
莚
礩
剺
Җ
砩
㳦
橵
墿
와
선
袵
鉎
լ
출
丱
辚
蕸
勼
锨
愰
烑
Љ
⚊
崳
迮
鞓
伃
滪
稡
▴
唦
錖
⺬
咑
घ
כ
玔
ट
Ƶ
髣
枛
笸
茳
￠
郙
嚯
দ
㝅
嚅
樒
Ġ
ף
ὴ
ສ
鑙
阘
鶵
თ
䏡
遬
莋
櫑
臌
潓
蓺
레
囬
㏒
⾼
甂
ᾱ
馵
盫
劘
惤
Ǻ
麀
┌
ὰ
簝
ฤ
謍
嬭
⁻
鞔
簙
膰
絚
棷
Ĕ
ๅ
鰯
乣
螓
霳
黮
̆
㜲
ㅉ
嶫
Ғ
襸
箄
瘝
ċ
작
㮙
ภ
墯
ｖ
頞
竘
閇
嫙
ヵ
ฦ
蓳
鼫
尭
鋷
鄡
슬
蓘
夐
͂
韤
堧
搯
枃
Ɨ
朘
〢
뭐
伲
ꡈ
친
ḿ
盌
있
堔
袟
擗
疢
䄄
兤
ǯ
丄
抇
葙
袀
蹁
≲
㕭

焻
槀
토
ʛ
塈
ǀ
齹
Њ
늑
ｸ
䢂
ܗ
қ
鼔
岍
Ḩ
럼
嘐
涭
弶
薲
ᾶ
銾
囦
豭
暏
ำ
嫇
ṫ
鑃
撹
檽
ង
㬇
언
襈
燀
戠
跕
ฟ
誐
ܘ
陃
騆
漨
़
ῳ
臷
ວ
諿
Ź
ฒ
蛍
砉
圗
Қ
㘭
芺
㻞
러
谼
￡
‏
葅
ً
鋘
⒍
硊
廱
迻
ក
梪
闉
寭
藚
嗞
椠
ە
儛
磗
瘳

亸
ļ
痟
ვ
瘜
⊿
鞲
명
犵
薐

抪
旐
堄
訸
ὖ
Ę
砯
昻
傊
Ɣ
瑝
송
菂
祑
苐
嶓
瀶
물
榰
˂
荗
惖
偡
열
蚘
嶪
雸
इ
螘
উ
瘌
膶
Ů
ం
켜
胠
㈥
怄
⼆
¯
㥪
槵
貜
⼰
霋
犎
綼
軆
ཛ
ὺ
頋
冦
崘
煑
苝
曵
丅
锓
었
න
汯
∆
ັ
簺
凧
쥬
蠭
¨
媏
Ğ
尠
ặ
豀
繦
輭
Ա
钑
줘
滭
螜
眧
橅
অ
ទ
噘
茞
ຫ
邿
窸
국
歘
Ӗ
蔇
Ň
매
ƶ
醁
覑
妱
Ȣ
萑
謦
扠
湨
외
唅
芠
Џ
ँ
鐚
Ʒ
ȶ
僈
锖
⌥
ɺ
唫
澼
祳
糇
蹐
ǥ
ヂ
蚠
¤
眀
邅
ヅ
פ
禴
闬
씨
饀
淢
鎜
ྤ
熝
褢
妭
鸃
脽
兝
飬
儜
篚
垇
漌
檥
悩
氶
ṟ
筯
趍
ẫ
Ī
狦
壄
ƿ
ĸ
咣
汈
觱
煶
墐
蠛
娒
杄
임
岾
돌
말
蝯
鍷
掁
墧
蛃
楲
荁
呏
櫰
泴
ీ
懙
━
회
魕
ז
ƥ
惙
노
貆
玤
ի
淰
￼
⊃
鸐
ʡ
煺
垶
籧
Ą
ꡊ
ӭ
裵
嘡
錣
覴
Ỹ
匼
鐾
睔
錧
蹅
歗
裖
莭
筶
釽
虀
疿
裭
伂
墣
裃
瀓
頣
鏪
袙
색
堼
蒆
詅
賖
凾
려
찬
Բ
埑
ｶ
⌉
聍
ཁ
柆
竸
榯
唼
麕
⊞
ƴ
꿀
陑
ⲓ
刬
蜺
埅
嵞
⑸
暤
酁
荍
ཕ
擸
ా
雚
餲
啚
秝
袼
燂
신
纉
檑
়
⇌
록
赿
嗁
㳛
Ǝ
광
Ѡ
蝍
蹏
嵱
嘂
₹
渽
諪
⚋
凅
穈
摌
諓
奵
경
䣕
婞
䧿
琭
︱
ᾰ
戹
ㅆ
걸
咈
渏
溤
ὅ
燆
蟪
袡
≒
‑
掑
窫
襍
ㅝ
ා
데
剱
灈
엑
ḗ
צ
唰
으
捔
Ũ
嶀
髃
呇
鯃
剞
箘
甎
琸
曯
Ɩ
심
ត
曅
翿
鐤
ƭ
斄
喤
虙
癹
頨
昬
揅
豰
撀
愙
鬿
紒
撗
喴
ཆ
坶
ھ
暀
乛
澛
당
ḑ
沲
Ⅿ
髾
噔
筢
鉼
窌
鄑
墠
ฯ
軄
猼
榀
ບ
Գ
秠
籹
葴
瞾
搊
榗
Ĝ
堢
ẹ
⅜
殀
胲
Ն
陼
狕
﹢
嫥
耉
ﾌ
ĳ
ව
䦅
朆
噐
盻
চ
ٰ
ເ
ე
종
癦
袚
㖼
ｋ
鉩
鋾
ⲃ
鍂
䘏
Ƕ
ﾟ
尞
ⲩ
ẵ
舠
奲
Ƣ
鐅
麞
ꜣ
萠
Ŏ
鳛
髟
攡
ப
⺼
ຽ
罇
鈘
竳
皀
ព
薢
㷇
屲
匃
㸄
庯
芏
樔
澺
斾
轥
稂
ठ
遆
⽤
魬
翯
娭
犲
僆
䵣
扤
聸
槷
蒪
刱
ి
絖
꺼
俒
爊
ⲡ
贠
Ĩ
拕
湢
ญ
舩
॥
菾
搒
殣
鬒
趉
蝚
寽
矺
緾
초
파
瞏
鮧
ƀ
향
蕚
姽
ܙ
戫
儌
羓
Ĭ
郍
瑥
￣
呠
晬
蒀
็
棈
耤
翧
ｼ
ฝ
떠
䓖
腚
역
厎
霡
ា
խ
릿
砕
幑
秔
泲
저
㪷
ཚ
罥
본
ƛ
觫
搉
ᠡ
婍
ᄒ
跅
ﻣ
摴
禢
ͱ
夌
㈦
㙾
趄
鑂
檖
ˁ
粋
ທ
두
ཿ
铻
涖
醾
髤
鰡
⋊
蒢
ㄪ
살
詃
ŵ
ﾋ
虡
択
㐽
兿
゛
嵉
篲
ƈ
啘
㠱
挷
皃
溓
爫
ㄭ
柣
儗
悢
痄
湩
㑀
Ċ
偘
䉤
侒
嚬
爯
捥
苤
呫
ȁ
羇
耎
皭
霬
ฉ
애
疭
躐
烄
빛
⁺
ṱ
隟
瞵
শ
姖
鳘
ヰ
澏
ស
怑
Ɛ
┓
餂
檋
锊
袌
佲
孁
ნ
ﾃ
牿
祬
ｯ
侸
ঞ
鉱
櫶
鞉
玵
楎
ϕ
霝
俢
矲
菿
簁
耩
邟
逴
膴
睆

㒜
磄
ḃ
㥄
蛑
Õ
睰
ྃ
嶬
猳
Ɓ
︔
Ė
ܚ
攮
藙
釡
琣
兡
皥
Ḫ
ს
鴓
〡
曚
狢
ﻪ
笀
榝
吤
鬦
骻
ㅢ
ḓ
㥽
萚
犡
帢
媦
跴
ᶑ
僝
ҫ
Ʉ
偸
嶦
鼽
卥
蒁
侇
悙
渰
ⴰ
ㄸ
난
濇
㫕
閠
籑
鹥
嘠
茻
剸
₄
행
舃
圠

墪
ҳ
⽚
槖
합
抝
畨
￦
鼏
煻
讁
ỗ
馰
¶
鉐
薸
ẑ
燽
苰
艴
劦
唿
硍
姌
გ
酧
황
அ
椮

ɮ
ћ
冓
猔
筤
鬏
繍
㭏
ӏ
ｷ
㪨
‴
磏
Ě
﹠
Ї
ḋ
ை
芉
焔
청
搲
문
璒
讘
傪
ｻ
Ǵ
霚
중
搣
腍
酀
驲
불
Ơ
葈
萹
⑹
술
ẳ
硠
枎
㤝
栧
ऽ
蒥
毦
ః
ಕ
ྟ
朣
ྨ
싶
砈
荺
袨
鬵
ӈ
陗
ɢ
Ṳ
莤
耹
雂
搌
ⲧ
淽
ṉ
娳
ි
燚
摷
湻
歨
蜋
圫
ґ
ᆸ
䁥
Ҁ
臛
锞
冱
狇
Ď
袠
̽
㳘
頖
齄
є
嬁
ষ
塂
ौ
㙞
ὀ
ᠭ
Ò
ŧ
ື
읒
ṗ
䅩
ḁ
郘
疰
縀
媃
榥
竃
矱
㬙
ំ
ƣ
牳
肕
գ
┼
偊
粂
ए
ម
謲
Ӄ
旙
㩼
胹
ὕ
穧
阺
臁
眏
嘥
塠
戭
黪
鰔
㝎
寑
璤
ર
ཉ
淊
勠
ѯ
鄌
ᴔ
✘
渞
熷
鏋
Ⅼ
를
Ƭ
꿈
둥
ᵿ
辝
抯
蹜
顨
跱
唡
㨿
乇
剏
帒
冣
捄
郠
纎
狥
磩
氱
啋
鶤
ᵻ
쟁
ೇ
⑬
ˆ
躰
椵
蓷
Ϲ
隡
磢
⽰
䞀
喌
熤
ȣ
Ủ
屽
⊇
眪
Ɖ
炻
직
ʸ
秡
ᡠ
⁰
畾
Ɔ
〻
ⵙ
迚
褀
蔈
鬌
鄐
楀
潄
乚
扲
छ
ܟ
䁱
鯮
疕
沯
渃
祌
惝
Ŝ
Ҋ
麎
尥
瞨
嚾
㙩
赯
蝳
螝
醩
⽂
ŉ
湗
贀
嘒
蠮
岶
ᦸ
㔻
潗
巠
薝
ἶ
ཞ
秥
ǭ
ಬ
迖
萐
褄
├
潀
駏
墛
Ķ
嘨
嚄
반
嫜
ɷ
瀖
妛
瘚
弴
睄
絈
赨
黵
ㄫ
庢
๕
郖
취
ӓ
⒏
鞙
岟
ㆭ
雃
蓏
顜
睮
며
敺
ӆ
焭
䑏
䥽
豿
幙
ｈ
肐
❸
礇
䮐
뗄
Ở
偭
ŷ
圂
枍
龝
њ
洦
嘬
橔
鲰
ㅙ
虷
檕
昢
ῇ
酘
剚
⽼
鹯
ģ
䒶
怹
顉
Ľ
噭
啒
弆
ฐ
庛
발
넷
詨
昋
ḛ
秊
샤
㶇
˖
褅
澻
煄
噖
埫
կ
ᦴ
遅
泒
裪
Ѐ
疉
㰘
傛
Ծ
㼅
醆
ಸ
죠
郔
餀
檍
Į
㙊
ཤ
郱
Ƞ
렁
妀
₦
⇐
叜
̧
ᨀ
唊
䢅
挦
怊
扐
٨
ǽ
馂
漹
聑
掻
屚
櫡
譠
히

커
ѕ
ⱥ
乹
Ʈ
Ʃ
兞
Ŵ
⻌
蕑
ⵡ
༌
熳
斻
舭
俷
ᵫ
Ϳ
Ḁ
碯
沷
汌
⑼
㼁
鶂
ℕ
Ҽ
哜
灟
ᦂ
菢
踲
踶
䇿
蒒
ల
敧
獢
⾊
趞
馦
紩
ⵉ
蘤
酡
糨
컴
墑
澟
ີ
骽
얘
煋
љ
Ⅻ
頩
雺
穽
檛
忩
腃
֚
踳
῾
憗
韣
공
靸
䨱
வ
樴
უ
Ḑ
〣
អ
氜
결
儹
轝
ƃ
茮
殟
熣
呶
ὼ
ꡉ
읗
椊
覵
膋
毉
ƚ
ḻ
箾
飔
屧
į
ҭ
躱
葂
鏣
鷧
⒂
訉
疌
戙
䎘
窾
貃
Ʊ
㔾
빤
堋
鮢
禶
硋
叒
饡
獽
˘
ⲙ
䖳
桖
식
鏧
灦
霿
峎
畓
Ẹ
Ђ
ভ
忎
Ƈ
︎
槏
挰
ҵ
衂
菛
噾
禌
玐
粺
絏
軮
蠘
첫
兾
鄪
ச
ƞ
綶
없
Ọ
蝝
捵
ঃ
鮏
醓
鄨
ອ
ұ
攰
瓑
㭤
⼗
Ả
杇
愊
鸎
稸
嚻
傿
Ŋ
滫
卾
ὡ
≳
ూ
ǟ
黦
韐
Ǔ
Ӳ
Ỷ
矅
潪
抌
梐
រ
฿
赩
Ƌ
코
譼
踕
琙
Ϙ
䯼
ҏ
醭
呄
趪
Ỉ
Ì
咅
ｗ
簊
骱
觧
Ǩ
ㆬ
옹
睃
ѥ
누
簰
痁
䙌
轒
雗
䍺
⾒
閖
ҧ
睭
Ϻ
渒
藞
음

ㅘ
牚
Ụ
秳
퓨
儃
禈
ਕ
冘
鏄
鹝
Ỳ
旍
牃
嗂
髈
譩
琂
ᶇ
醊
蓃
湦
Ẓ

犮
䳒
١
挒
嚰
ҋ
მ
ɼ
ἅ
湏
ŕ
싼
藾
瘊
✔
徯
ﾄ
獇
ㄲ
Ɽ
拻
䵺
鬁
伹
涺
㝉
Ӕ
㬀
ⲥ
蜨
堭
⾸
ʢ
쇼
幖
হ
姙
裣
虼
鬅
勄
Ɲ
饙
剟
ｭ
ﬃ
椸
緫
桹
째
獞
鱬
惿
吇
龖
ᠯ
ཡ
棤
絭
睱
瘆
હ
狉
ђ
鸁
聎
泑
冡
ǁ
囏
빔
Ŗ
㷩
짱
煡
ⲉ
ছ
설
巓
夆
楰
昅
宼
譇
淈
秐
ט
Ϊ
殱
瞹
웃
ӯ
橰
芀
攅
焍
牅
嚸
徣
謰
沵
㶿
ѡ
້
嗏
蹞
彨
偍
鏠
僢
甒
怘
貛
ర
骔
膮
嵑
慙
咡
ܬ
할
΄
홀
↘
Ń
瑡
硩
狺
ṽ
җ
囋
摬
Ẑ
모
岼
鮾
Ƀ
ే
彑
ფ
鍹
ہ
籒
최
涒
螀
ڠ
痌
耰
攉
ృ
烐
埪
준
丬
挜
礠
Ӊ
ბ
ў
鈫
ប
溚
椫
‱
Ẻ
﹥
편
拲
坿
瓾
斵
♈
涚
霩
ใ
յ
憇
Ḏ
覗
醧
埓
僽
⼃
馌
Ṇ
朳
秌
鯠
奷
炓
℞
ฬ
嫏
偨
베
玪
슴
狔
ྗ
撱
Ǟ
ྩ
扊
더
仭
缾
령
ᵋ
㥣
檃
韑
옛
ℵ
佁
崌
Ɵ
窹
軁
엇
苉
篣
奤
ژ
頥
紷
鼊
蔎
ᠰ
਼
격
獂
袐
갓
ӄ
忷
달
̋
屳
Ḋ
찾
녀
觻
瀁
墆
焫
恡
㧰
ṵ
榽
鏁
Ǎ
망
齞
Ţ
灬
ូ
ు
∋
̡
馲
Ӥ
澓
蠒
ᚹ
桮
⑺
爁
岊
ƌ
ѱ
檦
靃
ొ
Ʀ
譪
왔
尛
㴱
磈
읍
䭕
翲
㢉
Ѕ
蔲
鬴
耴
교
萡
蠩
Ẳ
痀
勚
贒
麅
麛
េ
畂
魞
բ
늘
臵
罶
劙
Ɗ
년
汒
葢
浼
⩾
稉
撢
漻
Ǥ
䕷
艹
豽
ம
芧
Ǒ
Ŧ
宂
Ẅ
倛
衋
ѓ
忚
㫬
Ⱥ
䒩
☪
티
樍
奫
纃
ຣ
៉
觍
俹
㸃
☓
⼹
삼
搿
螾
ӕ
珛
⽀
覌
✓
‽
ẃ
ẗ
砘
壃
끈
晼
芔
ో
詏
ᛜ
婯
Ḃ
鐆
䲡
䨺
곡
Ѧ
셨
ｬ
Ǯ
ḡ
㻂
ҁ
Ԓ
Ҳ
殹
敒
표
킴
䵍
潡
塯
뛰
ս
ល
ண
˞
Ṗ
帄
麽
趌
虂
얼
嵷
轋
ㅟ
湡
塣
奯
鹒
⼊
긴
ై
佊
哣
籨
જ
㴩
檝
ᠦ
Ḵ
ŀ
燋
䧛
蔃
䲞
硑
ཟ
օ
垹
＾
塼
怗
Ẩ
嫐
辳
ᆷ
鵔
㩦
洟
阹
돠
糪
尌
絿
잭
ﾒ
啴
루
叺
匤
蕀
帣
Ù
庻
扅
癍
ﬁ
捯
哶
Ҫ
㊣
厹
慅
壔
蹛
軰
䎃
⾛
┬
Ꙗ
ქ
碔
ʘ
萭
稌
醑
鞕
순
帤
양

镾
Ấ
僐
鞄
餋
㮌
嘕
欗
媢
揈
樀
昈
ౄ
㏑
ᵺ
̘
Ե
堷
菆
藊
祍
儤
嵥
踄
猐
ᠢ
稶
擵
Թ
抆
Ɯ
밥
榬
斴
熼
ӊ
Ỏ
歫
瓪
⌊
ಫ
侭
坒
觙
䓛
蟝
灨
塸
검
យ
袘
✝
餹
彯
慉
搤
㫤
흐
꼬
棢
遾
ᛃ
鶠
ໂ
ె
獿
僾
袯
攲
머
腢
譮
篹
枆
벌
헌
矦
단
۰
ກ
㮣
패
⋉
㳍
鴂
罠
䵬
Ƃ
涬
耵
塥
潫
ច
籖
秱
Ŷ
번
ﾊ
爗
檼
후
燖
嗮
飰
ຕ
윤
鞯
踍
荌
忟
賩
磱
撎
ӗ
필
Ị
ӎ
ⵓ
蕣
빵
Ģ
挶
ཾ
Ể
勀
奝
ধ
❹
ḟ
侓
媱
趿
ᴂ
濓
ӥ
糵
ɶ
Ѻ
帉
粊
蔏
蟸
鎅
க
독
ᦟ
막
瞂
팅
ܦ
Ћ
芤
옷
䳐
迒
兙
秞
蹧
鳰
蚍
ᦳ
戺
ி
ӡ
盭
粆
眗
ȡ
ㅃ
ܣ
Ǹ
喭
奊
Ẃ
ㅚ
↺
菎
ҍ
萢
Ռ
拹
瘛
Ƥ
ȹ
伻
飊
屝
勮
岃
樌
頯
宭
漺
링
箂
Ű
䀻
월
躧
礀
嶃
ẅ
〆
梡
傱
Ѿ
ԓ
﹅
瑉
嗈
雊
賎
酛
徤
फ
耱
焲
欶
瀊
泏
◕
琟
ｲ
䠷
嫀
훈
‒
薿
燇
歠
ҽ
㯫
ྒ
ܓ
嬫
巶
ⵏ
軎
擪
絯
稄
櫏
ѐ
ㅞ
玊
ಠ
侢
㷆
Ử
鵀
嗛
麖
甛
猟
蜦
臝
Ṁ
ౌ
獦
Ŀ
ې
夅
妚
㮮
Ų
Խ
Ѵ
遟
㰂
蚑
頚
㣚
ｊ
Ớ
墚
Ӓ
⒃
玍
Ḕ
듣
莂
↖
粨
椱
甹
垺
蝅
偋
痎
䓘
蟚
獑
▃
蜄
爢
䤰
ਲ
㒹
상
獌
㩒
擙
剢
˭
ຊ

尩
ⴳ
舥
蛚
㱩
족
濴
饻
騐
綕
Ƹ
ஆ
鞎
︓
唥
欱
蔄
ʚ
妧
掫
嫑
棝
凷
牶

얄
甏
颒
吥
䚮
읃
慗
Ṏ
軞
헤
懬
秼
萀
瞍
椞
眢
脮
찰
倸
粻
躴
䗁
扄
軇
痡
蟭
㞢
鸧
碨
Ⓚ

靍
Ϛ
繧
櫴
鱻
㧾
Ↄ
褈
ǖ
肙
℘
⼜
颩
稪
ⲱ
榳
箿
楈
⟗
瓡
군
郹
硾

憘
Ʌ
櫊
烎
胏
俜
ｧ
鳦
偹
燸
魿
〤
̮
崯
읖

稓
ᶒ
圡
嬩
Ҭ
Ḽ
紽
Ņ
ǚ
桟
滰
䥵
㟶
ṻ
丆
謈
怚
Ȯ
跇
់
Ύ
䟫
軱
穾
躆
숙
傺
坋
뿐
糒
㙡
譳
榁
뺏
熑
瞕
龥
㐨
옴
寍
豘
揝
앞
⼅
螊
ᶎ
ਗ
ㆦ
懆
緎
ᅑ
嵹
䀆
撉
斳
ᠶ
熻
♊
탑
藢
汮
항
冐
涘
衁
慛
Ӟ
᠌
洚
庣
밤
暳
牐
蹘
哿
석
Ѱ
岝
☳
䆲
羽
계
Ⲁ
뜨
ฮ
ӵ
╴
논
愇
ʆ
艭
妌
鼣
栭
ꜳ
岺
醼
敟
巤
Ȁ
羍
혼
犿
叕
衘
⑰
ϵ
哻
筺
煾
黱
阧

攱
Ұ
胈
眽
齍
婏
萞
ﺍ
樚
ꜜ
騺
觃
畐
⽬
ӱ
╰
苵
른
嗻
隒
餣
箤
辬
ዋ
擆
茣
兓
踀
⒇
Ȉ
唒
ங
焪
謮
ૃ
ⱬ
歮
⼁
ㆪ
厾
淂
鵍
㛐
ᅕ
恟
鷢
陻
啽
ༀ
ҝ
藇
Ӣ
탕
磥
❰
硺
欃
肊
羠
螰
琽
㹡
雦
ᵷ
螥
髇
籈
집
虤
薎
㘯
Ẵ
㛄
婇
䁋
㕙
摣
Ϣ
陯
櫼
ᶋ
㿟
◣
ӹ
洓
﹄
옥
⺪
咮
ɍ
읏
⁡
苢
Ⱪ
剭
ᵳ
Ḉ
Ꝏ
軓
矙
㫛
Ѥ
瘃
ᶊ
碜
晣
Ǣ
╥
䓤
鉫
璅
▏
⌠
ҥ
䦧
ᠲ
獀
ៃ
畄
駇
♎
麧
ᦥ
䯻
Ḿ
厀
眃
㐅
햄
추
鬛
㒚
ᴟ
簵
亾
坃
曎
絟
䏠
篰
㣲
鐀
殕
礞
랭
鼲
↹
檿
硈
Ӌ
覶
㫟
☷
躼
㣈
篊
癗
᧞
╡
실
ா
琖
袩
Ḳ
ன
㵰
繲
렉
挏
갑
ᴛ
ﾜ
䠩
瘭
ꜷ
膸
ٍ
滒
凘
潧
篴
乽
ĺ
Ï
湐
䕢
僯
亐
趒
崝
縚
⾦
靁
翆
Ս
韖
﹛
㵝
❡
ѷ
徛
妟
誩
㒭
潐
ტ
Ȕ
㧟
俻
麆
侐
낚
餟
䀥
㜫
瓂
髞
浧
呭
շ
嬂
Ḅ
圊
ᶙ
ㆱ
檷
참
ⵎ
槡
衠
Ѩ
釱
哳
ដ
✕
䤡
ȧ
☿
ҩ
했
䌼
迏
䆐
擩
ޔ
손
鄛
醰
짠
姺
燰
罒
噵
綅
咟
릭
堬
鼮

㕊
賏
닛
萯
Ҿ
嵃
礭
ຸ
蓒
濎
廘
쳤
佹
ѿ
ᴄ

稖
ẙ
Ꜩ
谺
₽
蟓
婖
橶
즌
䖔
㬫
庮
渹
膼
므
艑
읓
♩
魫
Ӫ
տ
㚇
匊
趡
秙
Ȑ
懩
祮
뉴
歺
㬅
瘇
⼍
樏
䒐
沠
⾢
Ậ
〳
蚼
㟲
ѻ
鄈
喛
ಡ
菚
㺭
箯
ᠮ
匴
ះ
♒
乢
譤
㽬
ѫ
蚒
嘝
ゞ
㴫
鸓
䵋
狊
ํ
曒
ⱡ
쯤
酳
珴
耔
礚
⠤
犳
倴
褺
悿
衤
鷭
忰
楺
墄
痬
戓

癛
跢
ṕ
坱
⾋
沍
︖
딜
ມ
袥
蠺
䃕
☑
挓
霛
Ⲣ
₪
ꜻ
䢺
돈
櫎
Ỗ
쿠
蛦
毸
妑
렐
鲓
블
梛
ਜ
阤
栰
醲
魒
埥
髧
蜅
䨇
岨
뽕
䡛
譝
鷾
இ
栆
䲉
ᶓ
稒
懫
魼
ḕ
蚚
銢
簩
Ẫ
蜯
絓
䥛
㻪
❯
Ӯ
굳
俴
금
眎
媻
婐
捖
빨
糿
鄍
粔
桇
⽉
棜
⑯
祽
樆
Ḧ
Ḯ
Ἠ
侳
ವ
宻
㐺
烍
테
Ǘ
萅
蒚
㤧
림
╯
ዶ
硽
姼
㰐
↙
鈤
瀸
岻
婔
踿
盷
Ṽ
Ѫ
鬕
覞
劤
蠳
⑫
煹
㩿
駾
︒
㒡
娪
ڭ
洰
欴
Ṓ
竕
扚
勥
穪
篿
㺒
✗
ळ
倹
兣
儫
咷
蕂
呌
幐
蓗
Ƽ
磿
ἑ
纐
洝
眡
Ṩ
傤
ᦪ
벼
⟖
跲
獹
㤔
榟
㚡
峚
誜
猸
ๆ
櫉
㟋
瓍
觟
柫
硪
蘁
蚖
颪
淜
欂
ʇ
ẏ
蒬
樬
爼
濅
楖
㡠

褁
鞪
⚴
⽅
﹏
瑓
雔

荝
镩
瓨
ꡫ
⑳
⼄
餠
㸺
Ǜ
癪
斈
夋
箌
㲎
춘
ℛ
䎜
琩
抲
ী

ṥ
䟴
Ỻ
간
脄
炧
랩
醽
㫋

Ṹ
坾
媠
ﾙ
효
ી
ۈ
癓
僼
ᶏ
輘
吪
喿
Ɇ
奌
啔
㭠

Ͱ
酼
誖
⌛
솜
嶤
錻
හ
㉑
僒
驡
짬
䏰
袃
蚇
브
㄂
ֱ
搰
Ꜳ
ួ
饎
ꡘ
ӛ
瓻
㟽
贁
∟
㘧
谫
伭
鐻
箺
㕑
襙
竤
㗦
Ⱬ
觮
ӂ
鯺
繗
螇
鶋
㼌
҂
䰖
☲
㷋
牪
հ
岒
涀
⊊
ሕ
稥
梮
楃
髺
ẋ
또
Ḡ
ᠤ
圦
ත
螱
怴
乀
Ⓡ
煪
棯
虰
믹
虁
梄
聅
墤
₴
몸
玾
橃
櫘
ṑ
嫸
畽
և

琒
餤
嘦
侫
貭
冿
㧏
桚
壥
揳
踁
ȉ
瞐
㒒
ʞ
爩
ᄿ
迀
㙑
旜
嗼
ڏ
儖
耠
న
ℶ
Ꜻ
緉
Ὂ
ⱨ
Ṵ
Ѹ
ᴉ
黭
␣
⽕
镙
塛
曤
㙯
ｵ
쓸
蟺
砆
岉
ਬ
ҹ
Ṋ
棑
ե
❤
닭
㢆
ȍ
蕫
芢
霯
린
暺
ោ
懠
豩
伳
㐄
窛
ᚲ
簴
Ќ
魆
翉
毑
襒
獖
Ṥ
㯱
虸
ക
嚘
☣
ራ
崵
땅
㗚
蕥
迾
ឃ
厫
პ
仩
복
ᵴ
毻
ḉ
峊
ﺤ
穱
苶
굿
鸀
감
鸜
Ȥ
鶱
ƹ
㹜
軧

錅
馞
趦
㚬
ᠳ
訿
榾
酙
觾
薋
✌
瞗
Ἔ
狅
橪
ᵰ
瀙
㬟
ѳ
평
㮴
謿
闀
ᧈ
♍
跐
㕫
穵
❷
Ӷ
䦕
䒷
Ꜷ
荎
筞
ി
豼
棿
蔍
䨓
朡
阫
騳
ӌ
狘
ᵝ
蝡
ը
◢
㙫
鏮
ｱ
壴
砊
⼐
ﾛ
ᴜ
Ȳ
颵
☶
侻
던
峝
᧟
穞
ϣ
Ḻ
跧
㻱
䏣
ฑ
Ⲓ
隖
邚
鬳
릴
䰽
絇
㩉
杋
姴
⽻
唞
͜
鞵
䂻
㱘

啨
극
㞊
攩
몬
榶
埊
婗
狜
襡
ᶃ
咉
ᴘ
挼
㷃
陊
읔
㵘
恦
Ǫ
ḅ
ẚ
Ļ
⛪
灱
奅
裶
扽
Ḙ

ƽ
졌
쉐
ϥ
蜐

竫
彮
鉰
㦂
ᴅ
倇
梌
⾎
㠗
ᶚ
﹃
裌
╕
呟
ʩ
哴
䃼
⑿
媁
褣
ູ
坈
ึ
蹎
穖
籚
택
闟
Ⱦ
｀
舑
氥
ṙ
郲
甆
䖑
爴
齂
襎
旑
蝒
Ⱡ
糫
㿭

坲
ਿ
ᴁ
ྙ
ᶖ
철
涶
윽
ȿ
˔
畱
⑻
杽
┐
Ɠ
娚
컬
朼
烉
闛
塮
등
鍴
ȕ
掔
刵
沶
脧
迌
폴
㠄
眆
눈
ʓ
騘
䱌
䁔
ӧ
Ѽ
碄
馚
咜
슨
ƪ
Ề
㥅
ⵍ
賌
噛
偟
끼
걷
黖
綗
㐲
뭘
ᵬ
玈
ẖ
銞
蚦
楏
♑
籭
❻
염
檇
刌
堐
粓
搘
樜

掭
膲
儶
蟅
◙
偠
㟥
╮
ｚ

蚄
洉
Ẕ
吣
ல
︿
惀
輴
賉
ው
았
兠
십
⑮
哹
㙺
︕
沞
㶨
ﺪ
侴
橝
奻
犋
厡
阸
慂
睎
轞
幨
❮
鳿
झ
䰟
澞
Ἡ

渳
閺
拀
악
衇
Ứ
柮
법
吺
Ӆ
歰
ք
ᶔ
ḩ
蚮
Ế
蝃
臸
ੱ
⚶
陹
鞁
娔
渜
爤
鸼

蓫
㕶
芄
冎
榞
ﮪ
ⴱ
鑋
竔
ꙗ
胘
潝
㹧
濲
Ổ
⒁
禓
鸒
鄸
Ἴ
Ӂ
俇
ϯ
ᠩ
紻
ཇ
홍
鍏
緐
ǘ
였
蔂
㦕
✖
稨

Ӛ
䖴
蟁
嫓
ẇ
䱜
ὦ
牸
ỻ
愅
嶒
̙
Ṱ
砿
啍
髨
ᵽ
萂
ฆ
플
‚
Ẏ
輰

Ṧ
孨
顪
Ƅ
︑
谝
逥
騩
欳
厸
骾
䁅
毈
魓
跜
灥
ﻕ

倐
璓
徥
縤
訬
夶
玽
ু
ꡀ

ﾍ
㩌
Ȃ
ӳ
郻
漅
嶎
贙
箢
趮
搳
ꜵ
ɇ
孍
ṏ
捝
˜
祡
黤
秶
ᵹ
ﾏ
稐
찮
橂
념
๚
룡
함
蘯
Ằ
ﾔ
栁
⌇
ಮ
☵
͇
확
跘
嫢
萻
渘
딪
伮
掱
Ȱ
Ḹ
熽
敊
쁜
欁
誀

脝
鬡
㲤
崜
昳
Ʋ
菵
傼
聇
◊
Ĥ
鳤
篶
酽
呿
Ȇ
판
☞
ई
飍
巏
鋑
ʹ
㕔
孠
廹
鎐
踙
⾘
阩
ȟ
〽
崡
⋆
柈
蕌
Ɏ
ǜ
ṹ
궁
輂
蔆
մ
稤
ȴ
걀
捊
빌
鏕
㯥
〓
ङ
鴡
Ὅ
㧎
핑
많
杝
蛜
͵
Ȋ
朜
馣
홰
Ѝ
寏
凓
嵠
ɀ
㬏
Ҵ
嚒
페
夣
剕
桙
㧸
㶍
ಗ
맥
躀
鼡
㬹
鉓
諘
Ӝ
飤
埦
蝱
翶
魹
㓼
줄
耊
Ĵ
̴
䯃
晆
姏

⑲
蓛
Έ
䂊
媎
ថ
梚
巭
椯
☱
Ặ
ྞ
튠
噑
鍓
僪
莟
ȫ
狾
䠐
銗
듯
䆡
誧
충
㲳
鸴
迕
婜
硰
裻
❺
熖
蓱
겨
瀫

偫
朤
謼
毧
蹪
戼
Ϸ
簉
ᶈ
肶
穝
Ǡ
晥
葹
Ӧ
蜎
ই
渨
烗
환
竛
曣
◥
諻
㚘

聉
ꜹ
鵋
啅
ṍ
뿌
敥
毴
酭
鵵
瞃
ⲕ
䴔
㸞
窱
堲
Ợ
ⵔ
鉖
篛
ἢ
ḧ
⾨
艵
韘
摥

ᴆ
릉
撋
抏
ḯ
栨
廇
♌
䣓
俽
Ἕ
Ễ
昷
亼
㱛
叚
Ờ
Ӡ
胐
ᵱ
槾
攠
蘰
穊
̬
豦
琁
趐
ḝ
Ӈ
Ȭ
Ҷ
侼
繝
摡
̫
倄
鼆
暋
芣
ќ
Ḱ
ᠴ
掹
ȸ
涽
ჯ
硴
ӷ
❶
Ҍ
瞖
ᴝ
ܡ
庰

渻
ƺ
ⴽ
聏
棔
Ⱨ
㚁
Ḇ
Ȏ
馟
ට
碵
Ӎ
ṩ
壵
捸
గ
㴇
ℏ
覔
෴
ἡ
篈
鷜

鬂
䨌
ḳ
簘
栠
貣
匲
ȼ
ᧁ
䓓
竗
ᦺ
穬
胻
⽺
轁

娗
ᴙ
ﾚ
넌
媬
鶮
ṋ
櫌
๏
裠
Ᵽ
潥
Ȓ
㸚

Ỡ
Ṛ
닝

筬
睴
ǻ
捼
⑾
ᶐ
媂
縅
⼏
❼
〱

럴
케
輎
暓
肧
禭
ᠬ
弮

ᵚ
笁
鲄
Ҕ
箖
鄝
ܩ
蒝
ය
㗊
豏
⿎
罙
Ộ
埞
벅
鐊
ฎ
傝
Ƨ
उ
硂
葪
피
ѩ
ᶄ
鞈
咊
栍
ΐ
ḙ
ਡ
ᆺ
㠭
Ắ
眳
㐵
峍
譋
鞢
旔
蟨
ﻮ
鑵
萫
북
⎕
ȯ
氠
Ḭ
Ⓕ
㩄
畆
狟
զ
鳫
Ṙ
攑
挕
ഡ
Ⲡ
斦
딱
ꜽ
ƾ
孅
毺
ཝ
ﺭ
ㆳ
⾷

ӑ
═
鯯
ⱶ
ᶀ
庂

粖
頙
䜧
脟
☽
㕛
ት
泶
㤚
蒧
瞱
阰
嫃
Ǖ
ฌ
엽
Ẁ
㨃
鬙
玞
ተ
ྶ
彁
๋
응
楥
ᵭ
涄
掓
笘
뽀
橎
顚
ᛦ
ǿ

ẘ
踡
䔧
ȩ
〵
鯘
竮
ѽ
ඉ
Ἢ
紾
啎
맑
Ṕ
䣛
Ȼ
灠
점
쉬
ծ
濵
카
닷
ᵾ
Ѓ
㺔
Ҙ
稧
ㆶ
鬽
杅
蒣
앙
珢
흥
ﺮ
汳
牷
髼
䖃
ற
ӣ
ẕ
ȅ
炡
圤
ƫ
饐
Ȅ
蓙
雥
Ѯ
孼
ↀ
ᄋ
椛
鞤
ȭ
胋
弿
◘
僶
ℂ
劋
塚
ᶕ
㚣
帨
ʫ
艀
狋
蟙
晘
﹨
崕
䎖
숫
ǂ
ெ
仈
්
둏
蹍
舦
芁
잃
Ȗ
䍲
ﺩ
괴
轈
痏
躹
翓
㳕
ḣ
楜
埣
鵻
▄
沊
愗
胮
覜
葘
瞚
脡
₠

㽓
籕
ܥ
Ǭ
忼
Ⱶ
ց
亇
ⲛ

袳
ᚷ
驔
Ҹ
Ǚ
柭
⒀
⊄
踇
嬕
⼝
ኤ
జ
偮
鄹
敁
䣈
㑋
躗
峐
ṧ
摫
ṝ
挄
椈
厏
庽
幒
ȑ
聮
㮔
Ƙ
Ừ
ᦨ
ﻴ
ۂ
⽇
질
չ
Ồ
擖
呡
ⱱ
絻
ƅ
樈
嚋
Ȍ
︐
鼦
ᴈ
聄
̌
Ṑ
竓
꾸
菙
癠
ʺ
ȃ
Ѭ
Ẇ
잖
巄
喢
邤
㬩
≃
ׂ
ﻻ
衟
㛠
秪
╭
舙
㰒
沝
皡
炥
ᠪ
䢵
馿
腄
乆
捘
髩
滱
ѵ
ↄ
攗
ᦵ
Ữ
〥
弻
恅
橉
키
磪
慯
䳲
Ἄ
罻
ѭ
墋
輚
☴
礶
厽
吷
瓓
ෙ
汘
ϝ
╞
ῥ
﹤
Ḝ
赮
䙴
䤁
ȇ
枊
儑
垪
辡
鴹
潅
峿
ӫ
鉧
Ố
腂
☊
๛
㶣
䪭
Ꜵ
淃
Ẋ
揇
Ո
翏
痓
Ҏ
Ṻ
퍼
ྔ
적
Ӭ
같
㐩
⊲
㢶
ૂ
湅
摉
蘥
鍧
ǰ
鎑

锪
䖵
ឋ
ੀ
腲
큼
ฃ
搟
妢
Ἱ
ᦫ
鄽
㙓
艛
џ
孡
㫠
Ӵ
黸
溙
ㆧ
ᦷ
鎻
鬋
ﺎ
ᶤ
嚜
ȱ
ḹ
逽
翴
橁
꽃
苆
폐
櫖

㟨
״
釼
⼂
膉

︌
傓

棃
詄
聈
糋
Ṍ
烓
郥
晜
⅞
穤
ᵶ
徢
胅
抴

새
틔
毚
㳠
陧
ᵼ
Ӱ
락
잇
黆
麔
Ḣ
儨
鈪
Ƴ
簶
篏
燓
۝
쏟
髥
郩
溂
撆
ᴋ
ږ
䪚
〩
醨
韲
䙝
浫
Ầ
⑱
Ǿ
Ή
醕
瀔
☰
ﻋ
ఁ
ղ
푼

Ҝ
Ạ
﨣
脵
倿
胷
豗
繑
❱
叾
隑
踖
Ȟ
鰢
ྫ
Ẉ
醿
ӝ
ỡ
泭
䅴
㷷
Ṷ
幁
嘑
랐
֜
ᦤ

騹
湁
ۆ
⻍
胊
蝛
Ɑ
煿
ᶉ
킬
ྕ
ᴞ
憡
䀠
芇
Ɍ
兀
衐
ǡ
恠
䓣

旹
ڤ
ἵ
鏂
♏
啙
㫜
㽵
Ỵ
Ӹ
완
膱
쪽
㛅
髝
컨
倁
랄
鬇
⾔
㫰
ር
羴
ᵵ
ബ
ꝏ
짐
䙥
譧
Ҧ
⩽
ʪ
墇
ƍ
怌
䒏
靐
瞙
밴
ಿ
Ṉ
ץ
靮
屴
ȋ
⌡
Ҥ
낀
Ͳ
嶟
䨻
釂
坙
콩
ㅭ
ẉ
㶟
Ḟ
ㄬ
Ꜹ
䡒
睘
㑚
飝
巟
ⱪ
棽
귿
吅
茋
蠽
叀
ﻞ
惢
◤
襧
胾
仾
趑
㨴
椾
罛
峛
欎
屰
濽
襾
ȏ
澒
䧄
Ҡ
渧
硲
Ĺ
罋
踠
珚
㻜
髴
Ȩ
貑
鈚
弜
뒤
︲
俧
ⱦ
啩
悎
阭
晍
忺
䓶
迼
ខ
㼆
ҷ
驈
曋
麄
呬
ᵲ
䔍
葨
✡
㠉
踚
̹
탄
鑗
님
葼
Ự
㐂
∎
匘
騞
蠪
ⴼ
酄
Ϡ

諩
鉮
绱
脕
㮈
碊
礟
ந
鐭
ᠵ
䔷
虊
Ệ
ˎ
ᅐ
ϸ
Ƒ
怐
ⲣ
猲
肻
Ṅ
聐
⟕
牜
燱
襶
վ
弅
㺄
ฏ
Ҩ
炰
卝
柪
晿
厇
ฅ
Ḛ
̇
馫
簮
閳
嚵
䲹
黓
旓
敨
형
㦀
ᴃ
ऋ
皊
ᶘ
ȗ
⠡
ᧉ
Ƚ
ẛ
ⱷ

磖
罯
ᶅ
ញ
瘈
⼎
薕
羙
ᴚ
茦
온
Ṝ
厱
‼
ҿ
葠
╪
Ὦ
譶
濹
麘

邜
ꜩ
璴
♓
鑟
槢
곤
揦
籯
ﬀ
椌
ҕ
銄
Ȧ
鞳
ḽ
⑪
Ṯ
佸
㮀
분
鄇
謋
㸙
顠
噆
飂
苀
桍
엔
糚
尗
踧
롭
駬
ឡ
Ǽ
敿
Ŕ
鶁
혜
岰
茪
厵
艔
廗
硘
Ḓ
ǩ
呰
㲀
ﾂ
ऐ
⊔
鼭
娯
倳
錵
褹
暼
탈
仌
⁓
ɏ
灳
櫔
ຍ
蒑
Ȫ
Ꜽ
胩

㷫
ﻭ
វ
豄
ƨ
͆
ḭ
鐱
儳
鈵
蘽
枼
㥃
穅
㝇
烞
㹭
煳
蟼
捿

丠
嶭
통
ӟ
嵂
ϩ
㻫
緭
噰
抾
綂
瞆
ȓ

㑇
獉
躣
㓜
佡
ѧ
柦
雰
晻
䧺
ẁ
햇
Ḗ
耪
栺
㻁
蝐
埛
潠
Ɫ
䗧
苩
㧯
̓
訹
Ṟ
汍
諎
酟
㙱
⑽
